,YEAR,SEMESTER,term,CatalogYear,Catalog_ID,program_name,program_code,Title,credits,Prereqs,Coreqs,Fees,Attributes,Description
3,2015.0,Fall,Fall2015,2015_2016,AC 0011,,,Introduction to Financial Accounting,,,,,,
14,2016.0,Spring,Spring2016,2015_2016,AC 0012,,,Introduction to Management Accounting,,,,,,
25,2015.0,Fall,Fall2015,2015_2016,AC 0203,,,Intermediate Accounting I,,,,,,
105,2016.0,Summer,Summer2016,2015_2016,AC 0204,,,Intermediate Accounting II,,,,,,
100,2016.0,Spring,Spring2016,2015_2016,AC 0265,,,Accounting Information Systems,,,,,,
241,2015.0,Fall,Fall2015,2015_2016,AC 0310,,,Advanced Accounting,,,,,,
192,2015.0,Fall,Fall2015,2015_2016,AC 0320,,,Cost Management,,,,,,
40,2015.0,Fall,Fall2015,2015_2016,AC 0330,,,Auditing,,,,,,
214,2015.0,Fall,Fall2015,2015_2016,AC 0343,,,Federal Income Taxation I,,,,,,
8386,2016.0,Spring,Spring2016,2015_2016,AC 0344,,,Individual Taxation: Socioeconomic Applications,,,,,,
227,2016.0,Spring,Spring2016,2015_2016,AC 0345,,,Federal Income Taxation II,,,,,,
117,2015.0,Fall,Fall2015,2015_2016,AC 0400,,,Introduction to Accounting,,,,,,
111,2016.0,Spring,Spring2016,2015_2016,AC 0500,,,Accounting Information for Decision-Making,,,,,,
183,2016.0,Summer,Summer2016,2015_2016,AC 0510,,,Issues in a Regulatory Reporting Environment,,,,,,
157,2016.0,Summer,Summer2016,2015_2016,AC 0530,,,"Accounting for Governments, Hospitals, and Universities",,,,,,
202,2016.0,Spring,Spring2016,2015_2016,AC 0550,,,Accounting Information Systems and Technology,,,,,,
294,2016.0,Spring,Spring2016,2015_2016,AC 0555,,,Issues in Internal Audit,,,,,,
49,2016.0,Spring,Spring2016,2015_2016,AC 0560,,,Audit Issues in a Global Environment,,,,,,
263,2015.0,Fall,Fall2015,2015_2016,AC 0570,,,Issues in Accounting Ethics,,,,,,
161,2016.0,Summer,Summer2016,2015_2016,AC 0580,,,Financial Statement Analysis,,,,,,
8485,2016.0,Spring,Spring2016,2015_2016,AC 0585B,,,Special Topics Seminar: Forensic Accounting,,,,,,
280,2015.0,Fall,Fall2015,2015_2016,AC 0590,,,Research on Contemporary Issues in Accounting,,,,,,
415,2015.0,Fall,Fall2015,2015_2016,AE 0262,,,Ethics and the Community,,,,,,
416,2015.0,Fall,Fall2015,2015_2016,AE 0265,,,Ethics in Education,,,,,,
426,2015.0,Fall,Fall2015,2015_2016,AE 0276,,,Ethical Dimensions of Global Business Practices,,,,,,
434,2015.0,Fall,Fall2015,2015_2016,AE 0281,,,Ethics of Communications,,,,,,
441,2015.0,Fall,Fall2015,2015_2016,AE 0284,,,Environmental Ethics,,,,,,
457,2016.0,Spring,Spring2016,2015_2016,AE 0285,,,Ethics of Health Care,,,,,,
471,2016.0,Spring,Spring2016,2015_2016,AE 0287,,,Engineering Ethics,,,,,,
267,2016.0,Spring,Spring2016,2015_2016,AE 0291,,,Business Ethics,,,,,,
6961,2016.0,Summer,Summer2016,2015_2016,AE 0293,,,Ethics of War and Peace,,,,,,
474,2016.0,Spring,Spring2016,2015_2016,AE 0391,,,"Seminar in Business Law, Regulation, and Ethics",,,,,,
524,2015.0,Fall,Fall2015,2015_2016,AH 0010,,,Origins and Transformations in Western Art,,,,,,
553,2016.0,Spring,Spring2016,2015_2016,AH 0011,,,Visual Culture Since 1400: Expression and Experimentation,,,,,,
598,2015.0,Fall,Fall2015,2015_2016,AH 0013,,,"Art of Africa, the Caribbean, and the Americas",,,,,,
599,2015.0,Fall,Fall2015,2015_2016,AH 0014,,,Art of Asia,,,,,,
530,2016.0,Spring,Spring2016,2015_2016,AH 0111,,,Greek Art and Archaeology,,,,,,
571,2015.0,Fall,Fall2015,2015_2016,AH 0112,,,Etruscan and Roman Art and Archaeology,,,,,,
7840,2016.0,Spring,Spring2016,2015_2016,AH 0113,,,Art and Archaeology of Ancient Egypt: Images for Eternity,,,,,,
538,2015.0,Fall,Fall2015,2015_2016,AH 0130,,,Early Renaissance Art in Italy,,,,,,
563,2016.0,Summer,Summer2016,2015_2016,AH 0164,,,American Art and Media Culture: Homer to Hunger Games,,,,,,
592,2016.0,Spring,Spring2016,2015_2016,AH 0165,,,The Black Experience: African-American Art and Criticism in the 20th Century,,,,,,
589,2015.0,Fall,Fall2015,2015_2016,AH 0172,,,History of Photography,,,,,,
526,2015.0,Fall,Fall2015,2015_2016,AH 0290B,,,Special Topics: Hair in the Classical World,,,,,,
551,2016.0,Spring,Spring2016,2015_2016,AH 0330,,,Senior Capstone Seminar,,,,,,
552,2016.0,Spring,Spring2016,2015_2016,AH 0330A,,,Senior Capstone Seminar,,,,,,
509,2015.0,Fall,Fall2015,2015_2016,AR 0110,,,Elementary Modern Standard Arabic I,,,,,,
517,2016.0,Spring,Spring2016,2015_2016,AR 0111,,,Elementary Modern Standard Arabic II,,,,,,
510,2015.0,Fall,Fall2015,2015_2016,AR 0210,,,Intermediate Modern Standard Arabic I,,,,,,
518,2016.0,Spring,Spring2016,2015_2016,AR 0211,,,Intermediate Modern Standard Arabic II,,,,,,
508,2015.0,Fall,Fall2015,2015_2016,AR 0381,,,Coordinating Seminar,,,,,,
2814,2015.0,Fall,Fall2015,2015_2016,AS 0200,,,Roots of American Culture,,,,,,
2728,2015.0,Fall,Fall2015,2015_2016,AS 0400,,,Critical Issues/Amer Studies,,,,,,
314,2016.0,Spring,Spring2016,2015_2016,AS 0410,,,Introduction to Women's and Gender Studies,,,,,,
3531,2016.0,Summer,Summer2016,2015_2016,AS 0461,,,The American Civil War,,,,,,
6259,2016.0,Spring,Spring2016,2015_2016,AS 0479,,,Islam in America,,,,,,
321,2015.0,Fall,Fall2015,2015_2016,AS 0483,,,America in the 1930s,,,,,,
2813,2015.0,Fall,Fall2015,2015_2016,AS 0488,,,Frontier in American Culture,,,,,,
564,2016.0,Summer,Summer2016,2015_2016,ASAH 0441,,,Fine Art vs. Anti-Art: 1917-1967,,,,,,
365,2015.0,Fall,Fall2015,2015_2016,AY 0010,,,Introduction to Four-Field Anthropology,,,,,,
377,2015.0,Fall,Fall2015,2015_2016,AY 0052,,,Culture and Political Economy,,,,,,
391,2015.0,Fall,Fall2015,2015_2016,AY 0110,,,Biological Anthropology,,,,,,
376,2015.0,Fall,Fall2015,2015_2016,AY 0111,,,Cultural Anthropology,,,,,,
405,2015.0,Fall,Fall2015,2015_2016,AY 0115,,,Biomedical Anthropology,,,,,,
370,2016.0,Spring,Spring2016,2015_2016,AY 0145,,,Anthropology of Food,,,,,,
379,2015.0,Fall,Fall2015,2015_2016,AY 0152,,,Islamic Societies and Cultures,,,,,,
6940,2015.0,Fall,Fall2015,2015_2016,AY 0168,,,Women and Men: The Anthropology of Gender,,,,,,
386,2016.0,Spring,Spring2016,2015_2016,AY 0180,,,Grant Writing for the Social Sciences,,,,,,
369,2016.0,Spring,Spring2016,2015_2016,AY 0200,,,Anthropological Research Methods,,,,,,
1089,2015.0,Fall,Fall2015,2015_2016,BB 0115,,,SHRM Learning Systems,,,,,,
1088,2015.0,Fall,Fall2015,2015_2016,BB 0121,,,SHRM Essentials of Human Resource Management,,,,,,
7057,2015.0,Fall,Fall2015,2015_2016,BB 0130,,,Fundamentals and Principles of Personal Financial Planning,,,,,,
1123,2015.0,Fall,Fall2015,2015_2016,BB 0132,,,Insurance Planning and Risk Management,,,,,,
1129,2015.0,Fall,Fall2015,2015_2016,BB 0134,,,Investment Planning,,,,,,
1108,2015.0,Fall,Fall2015,2015_2016,BB 0136,,,Federal Income and Property Taxation,,,,,,
1113,2016.0,Spring,Spring2016,2015_2016,BB 0138,,,Retirement Planning and Employer-Sponsored Benefits,,,,,,
1106,2015.0,Fall,Fall2015,2015_2016,BB 0139,,,CFP Capstone Course,,,,,,
8391,2016.0,Spring,Spring2016,2015_2016,BB 0140,,,Estate Planning,,,,,,
892,2015.0,Fall,Fall2015,2015_2016,BI 0015,,,Fundamentals of Biology I,,,,,,
901,2016.0,Spring,Spring2016,2015_2016,BI 0016,,,Fundamentals of Biology II,,,,,,
683,2015.0,Fall,Fall2015,2015_2016,BI 0018,,,Human Biology: Form & Function,,,,,,
707,2016.0,Spring,Spring2016,2015_2016,BI 0071,,,Identity and the Human Genome,,,,,,
718,2015.0,Fall,Fall2015,2015_2016,BI 0073,,,Contemporary Nutrition: Food for Thought,,,,,,
950,2015.0,Fall,Fall2015,2015_2016,BI 0074,,,Biology of Food,,,,,,
6994,2015.0,Fall,Fall2015,2015_2016,BI 0075,,,Ecology and Society,,,,,,
922,2015.0,Fall,Fall2015,2015_2016,BI 0076,,,Environmental Science,,,,,,
732,2015.0,Fall,Fall2015,2015_2016,BI 0078,,,Introduction to Marine Science,,,,,,
6999,2015.0,Fall,Fall2015,2015_2016,BI 0096,,,God and Modern Biology,,,,,,
750,2015.0,Fall,Fall2015,2015_2016,BI 0107,,,Human Anatomy & Physiology I,,,,,,
752,2015.0,Fall,Fall2015,2015_2016,BI 0107L,,,Human Anatomy & Physiology Lab,,,,,,
764,2016.0,Spring,Spring2016,2015_2016,BI 0108,,,Human Anatomy & Physiology II,,,,,,
765,2016.0,Spring,Spring2016,2015_2016,BI 0108L,,,Human Anatomy & Physiology Lab,,,,,,
817,2015.0,Fall,Fall2015,2015_2016,BI 0151,,,Elements of Microbiology,,,,,,
818,2015.0,Fall,Fall2015,2015_2016,BI 0151L,,,Elements of Microbiology Lab,,,,,,
834,2015.0,Fall,Fall2015,2015_2016,BI 0170,,,General Biology I,,,,,,
860,2015.0,Fall,Fall2015,2015_2016,BI 0170L,,,General Biology I Lab,,,,,,
620,2015.0,Fall,Fall2015,2015_2016,BI 0170P,,,General Biology I PLG,,,,,,
7029,2016.0,Spring,Spring2016,2015_2016,BI 0171,,,General Biology II,,,,,,
868,2016.0,Spring,Spring2016,2015_2016,BI 0171L,,,General Biology II Lab,,,,,,
656,2016.0,Spring,Spring2016,2015_2016,BI 0171P,,,General Biology II PLG,,,,,,
924,2015.0,Fall,Fall2015,2015_2016,BI 0172,,,General Biology III,,,,,,
925,2015.0,Fall,Fall2015,2015_2016,BI 0172L,,,General Biology III Lab,,,,,,
719,2015.0,Fall,Fall2015,2015_2016,BI 0251,,,Human Nutrition,,,,,,
932,2016.0,Spring,Spring2016,2015_2016,BI 0260,,,Ecology,,,,,,
933,2016.0,Spring,Spring2016,2015_2016,BI 0260L,,,Ecology Lab,,,,,,
909,2016.0,Spring,Spring2016,2015_2016,BI 0261,,,Genetics,,,,,,
706,2016.0,Spring,Spring2016,2015_2016,BI 0261L,,,Genetics Lab,,,,,,
7024,2015.0,Fall,Fall2015,2015_2016,BI 0262,,,Human Physiology,,,,,,
7025,2015.0,Fall,Fall2015,2015_2016,BI 0262L,,,Human Physiology Lab,,,,,,
7028,2016.0,Spring,Spring2016,2015_2016,BI 0315,,,Anatomy: Form and Function,,,,,,
1021,2016.0,Spring,Spring2016,2015_2016,BI 0318,,,Vertebrate Zoology,,,,,,
1022,2016.0,Spring,Spring2016,2015_2016,BI 0318L,,,Vertebrate Zoology Lab,,,,,,
1023,2016.0,Spring,Spring2016,2015_2016,BI 0319,,,Zoology Field Experience,,,,,,
1024,2016.0,Spring,Spring2016,2015_2016,BI 0319L,,,Zoology Field Experience Lab,,,,,,
7033,2015.0,Fall,Fall2015,2015_2016,BI 0324,,,Biochemistry I,,,,,,
7035,2015.0,Fall,Fall2015,2015_2016,BI 0324L,,,Biochemistry I Lab,,,,,,
6995,2015.0,Fall,Fall2015,2015_2016,BI 0325,,,Biochemistry II,,,,,,
6997,2015.0,Fall,Fall2015,2015_2016,BI 0325L,,,Biochemistry II Lab,,,,,,
888,2016.0,Spring,Spring2016,2015_2016,BI 0330,,,Nutrient Metabolism,,,,,,
843,2016.0,Spring,Spring2016,2015_2016,BI 0342,,,Developmental Biology,,,,,,
844,2016.0,Spring,Spring2016,2015_2016,BI 0342L,,,Developmental Biology Lab,,,,,,
700,2015.0,Fall,Fall2015,2015_2016,BI 0352,,,Fundamentals of Microbiology,,,,,,
701,2015.0,Fall,Fall2015,2015_2016,BI 0352L,,,Fundamentals of Microbiology Lab,,,,,,
870,2016.0,Spring,Spring2016,2015_2016,BI 0357,,,General Virology,,,,,,
995,2015.0,Fall,Fall2015,2015_2016,BI 0362,,,Marine Invertebrate Zoology,,,,,,
996,2015.0,Fall,Fall2015,2015_2016,BI 0362L,,,Marine Invertebrate Zoology Lab,,,,,,
952,2016.0,Spring,Spring2016,2015_2016,BI 0364,,,Freshwater Ecology,,,,,,
953,2016.0,Spring,Spring2016,2015_2016,BI 0364L,,,Freshwater Ecology Lab,,,,,,
1013,2015.0,Fall,Fall2015,2015_2016,BI 0365,,,Evolutionary Biology,,,,,,
1014,2015.0,Fall,Fall2015,2015_2016,BI 0365L,,,Evolutionary Biology Lab,,,,,,
910,2016.0,Spring,Spring2016,2015_2016,BI 0381A,,,Special Topics Seminar: Biology of Cancer,,,,,,
7014,2015.0,Fall,Fall2015,2015_2016,BI 0381B,,,Special Topics Seminar: Molecular Mechanisms of Disease,,,,,,
881,2015.0,Fall,Fall2015,2015_2016,BI 0381D,,,Special Topics Seminar: Nutritional Epigenetics,,,,,,
1007,2016.0,Spring,Spring2016,2015_2016,BI 0383A,,,Special Topics Seminar: Coral Reef Ecology,,,,,,
855,2015.0,Fall,Fall2015,2015_2016,BI 0391,,,Biology Research I,,,,,,
856,2015.0,Fall,Fall2015,2015_2016,BI 0392,,,Biology Research II,,,,,,
858,2015.0,Fall,Fall2015,2015_2016,BI 0393,,,Biology Research III,,,,,,
859,2015.0,Fall,Fall2015,2015_2016,BI 0394,,,Biology Research IV,,,,,,
2738,2016.0,Spring,Spring2016,2015_2016,BL 0100A,,,Special Topics: Black Lives Matter,,,,,,
1031,2015.0,Fall,Fall2015,2015_2016,BU 0211,,,Legal Environment of Business,,,,,,
1054,2016.0,Spring,Spring2016,2015_2016,BU 0220,,,Environmental Law & Policy,,,,,,
1039,2015.0,Fall,Fall2015,2015_2016,BU 0320,,,Employment Law and Discrimination in the Workplace,,,,,,
1340,2015.0,Fall,Fall2015,2015_2016,CH 0007,,,Intro to Forensic Science,,,,,,
1136,2015.0,Fall,Fall2015,2015_2016,CH 0010,,,Chemistry: Sights and Insights,,,,,,
1265,2016.0,Spring,Spring2016,2015_2016,CH 0033,,,Chemistry of Nutrition,,,,,,
923,2015.0,Fall,Fall2015,2015_2016,CH 0076,,,Environmental Science,,,,,,
1157,2015.0,Fall,Fall2015,2015_2016,CH 0083,,,Survey of Chemistry,,,,,,
1164,2015.0,Fall,Fall2015,2015_2016,CH 0084,,,General Chemistry for Health Science,,,,,,
1137,2015.0,Fall,Fall2015,2015_2016,CH 0084L,,,General Chemistry for Health Science Lab,,,,,,
1189,2015.0,Fall,Fall2015,2015_2016,CH 0085,,,"Chemistry, Energy, and the Environment",,,,,,
1203,2015.0,Fall,Fall2015,2015_2016,CH 0086,,,Chemistry and Art,,,,,,
1211,2015.0,Fall,Fall2015,2015_2016,CH 0111,,,General Chemistry I,,,,,,
1155,2015.0,Fall,Fall2015,2015_2016,CH 0111L,,,General Chemistry I Lab,,,,,,
1233,2016.0,Spring,Spring2016,2015_2016,CH 0112,,,General Chemistry II,,,,,,
1218,2016.0,Spring,Spring2016,2015_2016,CH 0112L,,,General Chemistry II Lab,,,,,,
1138,2015.0,Fall,Fall2015,2015_2016,CH 0211,,,Organic Chemistry I,,,,,,
1139,2015.0,Fall,Fall2015,2015_2016,CH 0211L,,,Organic Chemistry I Lab,,,,,,
1149,2016.0,Spring,Spring2016,2015_2016,CH 0212,,,Organic Chemistry II,,,,,,
1200,2016.0,Spring,Spring2016,2015_2016,CH 0212L,,,Organic Chemistry II Lab,,,,,,
1345,2016.0,Spring,Spring2016,2015_2016,CH 0222,,,Chemical Analysis,,,,,,
1346,2016.0,Spring,Spring2016,2015_2016,CH 0222L,,,Chemical Analysis Lab,,,,,,
1303,2015.0,Fall,Fall2015,2015_2016,CH 0261,,,Physical Chemistry I,,,,,,
1304,2015.0,Fall,Fall2015,2015_2016,CH 0261L,,,Physical Chemistry I Lab,,,,,,
1251,2016.0,Spring,Spring2016,2015_2016,CH 0262,,,Physical Chemistry II,,,,,,
1253,2016.0,Spring,Spring2016,2015_2016,CH 0262L,,,Physical Chemistry II Lab,,,,,,
7034,2015.0,Fall,Fall2015,2015_2016,CH 0324,,,Biochemistry I,,,,,,
7036,2015.0,Fall,Fall2015,2015_2016,CH 0324L,,,Biochemistry I Lab,,,,,,
6996,2015.0,Fall,Fall2015,2015_2016,CH 0325,,,Biochemistry II,,,,,,
6998,2015.0,Fall,Fall2015,2015_2016,CH 0325L,,,Biochemistry II Lab,,,,,,
1339,2015.0,Fall,Fall2015,2015_2016,CH 0326,,,Chemical Instrumentation,,,,,,
1309,2016.0,Spring,Spring2016,2015_2016,CH 0326L,,,Instrumental-Analytical Chemistry Lab,,,,,,
1225,2015.0,Fall,Fall2015,2015_2016,CH 0398,,,Research and Seminar,,,,,,
7069,2015.0,Fall,Fall2015,2015_2016,CI 0110,,,Elementary Chinese I,,,,,,
1366,2016.0,Spring,Spring2016,2015_2016,CI 0111,,,Elementary Chinese II,,,,,,
7070,2015.0,Fall,Fall2015,2015_2016,CI 0210,,,Intermediate Chinese I,,,,,,
1367,2016.0,Spring,Spring2016,2015_2016,CI 0211,,,Intermediate Chinese II,,,,,,
1368,2016.0,Spring,Spring2016,2015_2016,CI 0250,,,Modern China Through Fiction and Film,,,,,,
1382,2015.0,Fall,Fall2015,2015_2016,CL 0106,,,Masterpieces of Greek Literature in English Translation,,,,,,
1393,2016.0,Spring,Spring2016,2015_2016,CL 0108,,,Myth in Classical Literature,,,,,,
1415,2016.0,Spring,Spring2016,2015_2016,CL 0115,,,Greek Civilization,,,,,,
1409,2015.0,Fall,Fall2015,2015_2016,CL 0116,,,Roman Civilization,,,,,,
1397,2016.0,Spring,Spring2016,2015_2016,CL 0199A,,,Special Topics: Ancient Historians as Literature,,,,,,
1417,2016.0,Spring,Spring2016,2015_2016,CL 0222,,,The Roman Revolution,,,,,,
1672,2015.0,Fall,Fall2015,2015_2016,CN 0099,,,ComExam/Clin Mentl Hlth Cnsl,,,,,,
1733,2016.0,Summer,Summer2016,2015_2016,CN 0403A,,,Seminar in Special Topics: Domestic Violence in Nicaragua,,,,,,
8582,2016.0,Summer,Summer2016,2015_2016,CN 0410,,,Grief and Loss Counseling,,,,,,
1762,2016.0,Spring,Spring2016,2015_2016,CN 0432,,,"Clinical Mental Health Counseling: Management, Delivery, and Evaluation",,,,,,
1694,2015.0,Fall,Fall2015,2015_2016,CN 0433,,,Multicultural Issues in Counseling,,,,,,
1704,2015.0,Fall,Fall2015,2015_2016,CN 0447,,,Lifespan Human Development,,,,,,
1742,2015.0,Fall,Fall2015,2015_2016,CN 0455,,,Group Work: Theory & Practice,,,,,,
1779,2015.0,Fall,Fall2015,2015_2016,CN 0457,,,Career Development: Theory and Practice,,,,,,
1756,2015.0,Fall,Fall2015,2015_2016,CN 0465,,,Introduction to Substance Abuse and Addictions,,,,,,
1720,2016.0,Spring,Spring2016,2015_2016,CN 0467,,,Assessment in Counseling,,,,,,
1780,2015.0,Fall,Fall2015,2015_2016,CN 0468,,,Professional Issues in Counseling,,,,,,
1709,2015.0,Fall,Fall2015,2015_2016,CN 0500,,,Theories of Counseling and Psychotherapy,,,,,,
1781,2015.0,Fall,Fall2015,2015_2016,CN 0515,,,Trauma and Crisis Intervention,,,,,,
1798,2016.0,Summer,Summer2016,2015_2016,CN 0525,,,Spirituality and Wellness,,,,,,
1771,2016.0,Spring,Spring2016,2015_2016,CN 0531,,,"School Counseling: Procedures, Organization, and Evaluation",,,,,,
1675,2015.0,Fall,Fall2015,2015_2016,CN 0553,,,Counseling Relationships and Skills,,,,,,
1674,2015.0,Fall,Fall2015,2015_2016,CN 0558,,,Counseling Practicum,,,,,,
1707,2015.0,Fall,Fall2015,2015_2016,CN 0565,,,Substance Abuse and the Family,,,,,,
1706,2015.0,Fall,Fall2015,2015_2016,CN 0566,,,Research Methodology,,,,,,
1752,2016.0,Spring,Spring2016,2015_2016,CN 0585,,,Introduction to Clinical Supervision,,,,,,
1676,2015.0,Fall,Fall2015,2015_2016,CN 0590C,,,Internship: Clinical Mental Health Counseling,,,,,,
1802,2015.0,Fall,Fall2015,2015_2016,CN 0590S,,,Internship: School Counseling,,,,,,
1424,2015.0,Fall,Fall2015,2015_2016,CO 0100,,,Human Communication Theories,,,,,,
1465,2015.0,Fall,Fall2015,2015_2016,CO 0101,,,Argument and Advocacy,,,,,,
7074,2016.0,Spring,Spring2016,2015_2016,CO 0102,,,Introduction to Public Relations,,,,,,
1426,2015.0,Fall,Fall2015,2015_2016,CO 0130,,,Mass Media and Society,,,,,,
1447,2015.0,Fall,Fall2015,2015_2016,CO 0200,,,Interpersonal Communication Theories,,,,,,
1455,2016.0,Spring,Spring2016,2015_2016,CO 0201,,,Persuasion,,,,,,
1579,2015.0,Fall,Fall2015,2015_2016,CO 0220,,,Introduction to Organizational Communication,,,,,,
1492,2015.0,Fall,Fall2015,2015_2016,CO 0231,,,Media Institutions,,,,,,
1538,2015.0,Fall,Fall2015,2015_2016,CO 0236,,,"Gender, Sexuality, and Media",,,,,,
7077,2015.0,Fall,Fall2015,2015_2016,CO 0238,,,Communication and Popular Culture,,,,,,
1559,2016.0,Spring,Spring2016,2015_2016,CO 0242,,,"Alcohol, Addiction and Culture",,,,,,
1508,2016.0,Spring,Spring2016,2015_2016,CO 0245,,,"Identities, Discourse, and Social Change",,,,,,
1561,2016.0,Spring,Spring2016,2015_2016,CO 0246,,,Family Communication,,,,,,
1578,2015.0,Fall,Fall2015,2015_2016,CO 0248,,,Health Communication,,,,,,
1501,2015.0,Fall,Fall2015,2015_2016,CO 0309,,,Research Projects in Communication: Capstone,,,,,,
1524,2016.0,Spring,Spring2016,2015_2016,CO 0324,,,Crisis Communication,,,,,,
7076,2015.0,Fall,Fall2015,2015_2016,CO 0331,,,American Media / American History,,,,,,
1542,2016.0,Spring,Spring2016,2015_2016,CO 0334,,,Comparative Media Systems,,,,,,
1434,2016.0,Spring,Spring2016,2015_2016,CO 0335,,,"Globalization, Media, and Culture",,,,,,
1617,2016.0,Spring,Spring2016,2015_2016,CO 0340,,,Conflict Communication,,,,,,
1591,2016.0,Spring,Spring2016,2015_2016,CO 0341,,,End of Life Communication,,,,,,
1610,2015.0,Fall,Fall2015,2015_2016,CO 0342,,,Technoculture and Information Society,,,,,,
1608,2015.0,Fall,Fall2015,2015_2016,CO 0345,,,Relational Communication,,,,,,
1551,2015.0,Fall,Fall2015,2015_2016,CO 0346,,,Communication and Spirituality,,,,,,
1523,2016.0,Spring,Spring2016,2015_2016,CO 0400,,,"Communication Philosophies, Theories, and Research Traditions",,,,,,
1607,2015.0,Fall,Fall2015,2015_2016,CO 0420,,,Communication Research Design and Methodologies,,,,,,
1493,2015.0,Fall,Fall2015,2015_2016,CO 0497C,,,Technoculture and Information Society,,,,,,
1525,2016.0,Spring,Spring2016,2015_2016,CO 0497J,,,Crisis Communication,,,,,,
1609,2015.0,Fall,Fall2015,2015_2016,CO 0497N,,,Relational Communication,,,,,,
1618,2016.0,Spring,Spring2016,2015_2016,CO 0497O,,,Conflict Communication,,,,,,
1601,2016.0,Summer,Summer2016,2015_2016,CO 0500,,,Interpersonal Communication,,,,,,
1577,2015.0,Fall,Fall2015,2015_2016,CO 0522,,,Communication and Organizational Leadership,,,,,,
1581,2015.0,Fall,Fall2015,2015_2016,CO 0524,,,Negotiation and Conflict Management: Communication Approaches,,,,,,
1543,2016.0,Spring,Spring2016,2015_2016,CO 0537,,,New Media Studies,,,,,,
2309,2016.0,Spring,Spring2016,2015_2016,CR 0245,,,Digital Design I,,,,,,
1639,2016.0,Spring,Spring2016,2015_2016,CR 0245L,,,Digital Design I Lab,,,,,,
1629,2015.0,Fall,Fall2015,2015_2016,CR 0246,,,Digital Electronics Design II,,,,,,
8398,2016.0,Spring,Spring2016,2015_2016,CR 0320,,,Computer Networks,,,,,,
7085,2015.0,Fall,Fall2015,2015_2016,CR 0325,,,Computer Graphics,,,,,,
2300,2015.0,Fall,Fall2015,2015_2016,CR 0331,,,Biomedical Signal Processing,,,,,,
2307,2016.0,Spring,Spring2016,2015_2016,CR 0332,,,Biomedical Imaging,,,,,,
7095,2015.0,Fall,Fall2015,2015_2016,CR 0346,,,Computer System Architecture,,,,,,
7112,2015.0,Fall,Fall2015,2015_2016,CS 0101,,,Introduction to Computing,,,,,,
7118,2016.0,Spring,Spring2016,2015_2016,CS 0131,,,Fundamentals of Programming,,,,,,
6466,2015.0,Fall,Fall2015,2015_2016,CS 0232,,,Data Structures,,,,,,
6482,2016.0,Spring,Spring2016,2015_2016,CS 0331,,,Operating Systems,,,,,,
6506,2016.0,Spring,Spring2016,2015_2016,CS 0343,,,Analysis of Algorithms,,,,,,
1834,2015.0,Fall,Fall2015,2015_2016,EC 0011,,,Introduction to Microeconomics,,,,,,
1820,2016.0,Spring,Spring2016,2015_2016,EC 0012,,,Introduction to Macroeconomics,,,,,,
1976,2015.0,Fall,Fall2015,2015_2016,EC 0114,,,"The Economics of Race, Class, and Gender in the American Workplace",,,,,,
1910,2016.0,Spring,Spring2016,2015_2016,EC 0150,,,Media Economics,,,,,,
1822,2016.0,Spring,Spring2016,2015_2016,EC 0185,,,Regional Economic Development,,,,,,
1974,2015.0,Fall,Fall2015,2015_2016,EC 0204,,,Intermediate Microeconomic Theory,,,,,,
1975,2015.0,Fall,Fall2015,2015_2016,EC 0204L,,,Intermediate Microeconomic Theory Lab,,,,,,
1846,2016.0,Spring,Spring2016,2015_2016,EC 0205,,,Intermediate Macroeconomic Theory,,,,,,
1848,2016.0,Spring,Spring2016,2015_2016,EC 0205L,,,Intermediate Macroeconomic Theory Lab,,,,,,
1835,2015.0,Fall,Fall2015,2015_2016,EC 0210,,,Money and Banking,,,,,,
1983,2016.0,Spring,Spring2016,2015_2016,EC 0224,,,Labor Economics and Labor Relations,,,,,,
7131,2016.0,Spring,Spring2016,2015_2016,EC 0225,,,Environmental Economics,,,,,,
1973,2015.0,Fall,Fall2015,2015_2016,EC 0230,,,Comparative Economic Systems,,,,,,
1819,2016.0,Spring,Spring2016,2015_2016,EC 0231,,,International Trade,,,,,,
1864,2015.0,Fall,Fall2015,2015_2016,EC 0235,,,Economic Development of Third World Nations,,,,,,
1982,2016.0,Spring,Spring2016,2015_2016,EC 0270,,,Engineering Economics,,,,,,
1894,2016.0,Spring,Spring2016,2015_2016,EC 0276,,,Public Finance,,,,,,
1920,2015.0,Fall,Fall2015,2015_2016,EC 0278,,,Statistics,,,,,,
1921,2015.0,Fall,Fall2015,2015_2016,EC 0278L,,,Statistics Lab,,,,,,
1919,2015.0,Fall,Fall2015,2015_2016,EC 0290,,,Mathematical Economics,,,,,,
1845,2016.0,Spring,Spring2016,2015_2016,EC 0320,,,Financial Markets and Institutions,,,,,,
1909,2016.0,Spring,Spring2016,2015_2016,EC 0380,,,Econometrics,,,,,,
1836,2015.0,Fall,Fall2015,2015_2016,EC 0398,,,Senior Seminar,,,,,,
7207,2015.0,Fall,Fall2015,2015_2016,ECE 0405,,,Electronic Materials,,,,,,
1627,2015.0,Fall,Fall2015,2015_2016,ECE 0406,,,Advanced Digital Design,,,,,,
2215,2015.0,Fall,Fall2015,2015_2016,ECE 0415,,,Engineering Applications of Numerical Methods,,,,,,
2303,2015.0,Fall,Fall2015,2015_2016,ECE 0420,,,Readings in Electrical & Computer Engineering,,,,,,
7911,2016.0,Summer,Summer2016,2015_2016,ECE 0423,,,Thermal Management of Microdevices,,,,,,
2301,2015.0,Fall,Fall2015,2015_2016,ECE 0431,,,Biomedical Signal Processing,,,,,,
2308,2016.0,Spring,Spring2016,2015_2016,ECE 0432,,,Biomedical Imaging,,,,,,
2328,2016.0,Spring,Spring2016,2015_2016,ECE 0435,,,Microelectronics,,,,,,
7086,2015.0,Fall,Fall2015,2015_2016,ECE 0440,,,Computer Graphics,,,,,,
7096,2015.0,Fall,Fall2015,2015_2016,ECE 0441,,,Computer Systems Architecture,,,,,,
2251,2015.0,Fall,Fall2015,2015_2016,ECE 0448,,,Embedded Microcontrollers,,,,,,
2253,2015.0,Fall,Fall2015,2015_2016,ECE 0448L,,,Embedded Microcontrollers Lab,,,,,,
2272,2015.0,Fall,Fall2015,2015_2016,ECE 0451,,,Nanoelectronics I,,,,,,
8399,2016.0,Spring,Spring2016,2015_2016,ECE 0460,,,Network Programming,,,,,,
2296,2016.0,Summer,Summer2016,2015_2016,ECE 0461,,,Green Power Generation,,,,,,
8355,2016.0,Spring,Spring2016,2015_2016,ECE 0470,,,Network Embedded Systems,,,,,,
2354,2016.0,Spring,Spring2016,2015_2016,ECE 0479,,,Communication Systems,,,,,,
2273,2015.0,Fall,Fall2015,2015_2016,ECE 0480,,,Wireless Systems I,,,,,,
7212,2015.0,Fall,Fall2015,2015_2016,ECE 0495,,,Power Generation and Distribution,,,,,,
2285,2016.0,Spring,Spring2016,2015_2016,ECE 0505,,,Advanced Power Electronics,,,,,,
2302,2015.0,Fall,Fall2015,2015_2016,ECE 0508,,,Engineering Entrepreneurship,,,,,,
1990,2015.0,Fall,Fall2015,2015_2016,ED 0200,,,"Explorations in Education: Introduction to Teaching, Learning, and Schooling",,,,,,
2023,2015.0,Fall,Fall2015,2015_2016,ED 0241,,,Educational Psychology,,,,,,
1991,2015.0,Fall,Fall2015,2015_2016,ED 0329,,,Philosophy of Education: An Introduction,,,,,,
8407,2016.0,Spring,Spring2016,2015_2016,ED 0350,,,Special Learners in the Mainstream,,,,,,
7165,2015.0,Fall,Fall2015,2015_2016,ED 0401,,,K-12 Teaching Internship Seminar for Initital Certification Candidates,,,,,,
8350,2016.0,Summer,Summer2016,2015_2016,ED 0405,,,Contexts of Education in the Primary Grades,,,,,,
2041,2016.0,Spring,Spring2016,2015_2016,ED 0429,,,Philosophical Foundations of Education,,,,,,
2070,2016.0,Spring,Spring2016,2015_2016,ED 0431,,,Extending Literacy in the Elementary School: Grades 3-6,,,,,,
2065,2015.0,Fall,Fall2015,2015_2016,ED 0437,,,Developing Literacy in the Elementary School: Primary Grades,,,,,,
2002,2016.0,Spring,Spring2016,2015_2016,ED 0441,,,Teaching and Learning within Multicultural Contexts of Education,,,,,,
2024,2015.0,Fall,Fall2015,2015_2016,ED 0442,,,Educational Psychology,,,,,,
2067,2015.0,Fall,Fall2015,2015_2016,ED 0447,,,Learning Mathematics in the Elementary Classroom,,,,,,
7182,2015.0,Fall,Fall2015,2015_2016,ED 0455,,,LiterateLearner:Crit/Strategic,,,,,,
2091,2016.0,Spring,Spring2016,2015_2016,ED 0459,,,Developmental Reading in the Secondary School,,,,,,
7187,2015.0,Fall,Fall2015,2015_2016,ED 0462,,,Science Methods,,,,,,
2111,2015.0,Fall,Fall2015,2015_2016,ED 0463,,,World Language Methods,,,,,,
2081,2015.0,Fall,Fall2015,2015_2016,ED 0466,,,Special Methods in Secondary School English,,,,,,
2055,2015.0,Fall,Fall2015,2015_2016,ED 0468,,,Social Studies/History Methods,,,,,,
2076,2016.0,Summer,Summer2016,2015_2016,ED 0497,,,Teaching Science in the Elementary Classroom,,,,,,
7172,2016.0,Summer,Summer2016,2015_2016,ED 0499,,,Introduction to Educational Research,,,,,,
2019,2016.0,Summer,Summer2016,2015_2016,ED 0511,,,Educating for Social Responsibility and Civic Engagement: A Capstone Seminar,,,,,,
2058,2016.0,Spring,Spring2016,2015_2016,ED 0512,,,Contemporary Schooling in Society,,,,,,
2119,2015.0,Fall,Fall2015,2015_2016,ED 0515,,,Economic and Physical Geography,,,,,,
1989,2015.0,Fall,Fall2015,2015_2016,ED 0530,,,Assessment and Differentiated Instruction,,,,,,
2131,2015.0,Fall,Fall2015,2015_2016,ED 0534,,,Theories of Learning,,,,,,
7181,2015.0,Fall,Fall2015,2015_2016,ED 0545,,,Developing Integrated Curriculum for Elementary Students: Inquiry and Action,,,,,,
2001,2016.0,Spring,Spring2016,2015_2016,ED 0552,,,Participatory Research and Advocacy in School and Community Settings,,,,,,
2066,2015.0,Fall,Fall2015,2015_2016,ED 0559,,,Empowering Struggling Readers and Writers in the Elementary Grades,,,,,,
2097,2016.0,Summer,Summer2016,2015_2016,ED 0561,,,Summer Institute in the Teaching of Writing,,,,,,
2162,2016.0,Summer,Summer2016,2015_2016,ED 0572,,,Guided Research in Science,,,,,,
2155,2015.0,Fall,Fall2015,2015_2016,ED 0573,,,Instructional Issues in Teaching Science,,,,,,
2071,2016.0,Spring,Spring2016,2015_2016,ED 0584,,,Reflective Practice Seminar: Elementary Education,,,,,,
2083,2016.0,Spring,Spring2016,2015_2016,ED 0589,,,English Seminar,,,,,,
2159,2016.0,Spring,Spring2016,2015_2016,ED 0592,,,Science Seminar,,,,,,
6879,2016.0,Spring,Spring2016,2015_2016,ED 0593,,,World Language Seminar,,,,,,
2059,2016.0,Spring,Spring2016,2015_2016,ED 0594,,,Social Studies/History Seminar,,,,,,
2115,2016.0,Spring,Spring2016,2015_2016,ED 0599,,,Professional Writing Seminar: Product of Learning,,,,,,
7208,2015.0,Fall,Fall2015,2015_2016,EE 0207,,,Electronic Materials,,,,,,
2343,2015.0,Fall,Fall2015,2015_2016,EE 0213,,,Intro to Electric Circuits,,,,,,
1630,2015.0,Fall,Fall2015,2015_2016,EE 0213L,,,Electric Circuits Lab (PS/EG),,,,,,
2356,2016.0,Spring,Spring2016,2015_2016,EE 0221,,,Frequency Domain Circuit Analysis,,,,,,
2344,2015.0,Fall,Fall2015,2015_2016,EE 0231,,,Introduction to Electronics Circuits and Devices,,,,,,
2271,2015.0,Fall,Fall2015,2015_2016,EE 0231L,,,Electronics Circuits Lab,,,,,,
2345,2015.0,Fall,Fall2015,2015_2016,EE 0301,,,Signal & Systems I,,,,,,
2353,2016.0,Spring,Spring2016,2015_2016,EE 0331,,,Analog Electronics Design,,,,,,
2286,2016.0,Spring,Spring2016,2015_2016,EE 0331L,,,Analog Electronics Lab,,,,,,
2329,2016.0,Spring,Spring2016,2015_2016,EE 0335,,,Microelectronics,,,,,,
2252,2015.0,Fall,Fall2015,2015_2016,EE 0346,,,Embedded Microcontrollers,,,,,,
2254,2015.0,Fall,Fall2015,2015_2016,EE 0346L,,,Microcontroller Lab,,,,,,
2287,2016.0,Spring,Spring2016,2015_2016,EE 0360,,,Power Electronics,,,,,,
2297,2016.0,Summer,Summer2016,2015_2016,EE 0361,,,Green Power Generation,,,,,,
2355,2016.0,Spring,Spring2016,2015_2016,EE 0379,,,Communication Systems,,,,,,
7213,2015.0,Fall,Fall2015,2015_2016,EE 0385,,,Power Generation and Distribution,,,,,,
2320,2015.0,Fall,Fall2015,2015_2016,EG 0031,,,Fundamentals of Engineering I,,,,,,
7103,2016.0,Spring,Spring2016,2015_2016,EG 0145,,,Mathematical Analysis,,,,,,
2364,2015.0,Fall,Fall2015,2015_2016,EG 0390,,,Senior Design Project I,,,,,,
2373,2016.0,Spring,Spring2016,2015_2016,EG 0391,,,Senior Design Project II,,,,,,
2384,2015.0,Fall,Fall2015,2015_2016,EG 0410,,,English Skills for Engineering Graduate Students,,,,,,
2102,2015.0,Fall,Fall2015,2015_2016,EN 0011,,,Texts and Contexts I: Writing as Craft and Inquiry,,,,,,
2106,2016.0,Spring,Spring2016,2015_2016,EN 0012,,,Texts and Contexts II: Writing About Literature,,,,,,
1398,2016.0,Spring,Spring2016,2015_2016,EN 0100C,,,Special Topics: Ancient Historians as Literature,,,,,,
338,2015.0,Fall,Fall2015,2015_2016,EN 0102,,,Introduction to Contemporary World Literature,,,,,,
2791,2016.0,Spring,Spring2016,2015_2016,EN 0103,,,Fairy Tales,,,,,,
1383,2015.0,Fall,Fall2015,2015_2016,EN 0106,,,Masterpieces of Greek Literature in English Translation,,,,,,
1394,2016.0,Spring,Spring2016,2015_2016,EN 0108,,,Myth in Classical Literature,,,,,,
2803,2016.0,Spring,Spring2016,2015_2016,EN 0111,,,International Short Fiction,,,,,,
2799,2015.0,Fall,Fall2015,2015_2016,EN 0112,,,19th-Century Russian Novel and World Literature,,,,,,
2808,2015.0,Fall,Fall2015,2015_2016,EN 0113,,,Literature of the Holocaust,,,,,,
2486,2015.0,Fall,Fall2015,2015_2016,EN 0114,,,"Caribbean Literature: History, Culture, and Identity",,,,,,
1369,2016.0,Spring,Spring2016,2015_2016,EN 0118,,,Modern China through Fiction and Film,,,,,,
353,2015.0,Fall,Fall2015,2015_2016,EN 0120,,,American Women Playwrights,,,,,,
2820,2016.0,Spring,Spring2016,2015_2016,EN 0122,,,The Frontier in American Literature,,,,,,
2488,2015.0,Fall,Fall2015,2015_2016,EN 0123,,,Ethnic American Literature,,,,,,
360,2016.0,Spring,Spring2016,2015_2016,EN 0125,,,American Drama,,,,,,
2746,2015.0,Fall,Fall2015,2015_2016,EN 0126,,,American Social Protest Literature,,,,,,
2593,2015.0,Fall,Fall2015,2015_2016,EN 0130,,,Literature by Women: Vision and Revision,,,,,,
2737,2016.0,Spring,Spring2016,2015_2016,EN 0131,,,Contemporary Women Writers of Color,,,,,,
336,2015.0,Fall,Fall2015,2015_2016,EN 0135,,,Graphic Novels as Thriller and Chillers,,,,,,
2470,2015.0,Fall,Fall2015,2015_2016,EN 0141,,,Imagining Shakespeare,,,,,,
2826,2015.0,Fall,Fall2015,2015_2016,EN 0161,,,Irish Literature,,,,,,
2849,2016.0,Summer,Summer2016,2015_2016,EN 0162,,,Irish Women Writers,,,,,,
2459,2015.0,Fall,Fall2015,2015_2016,EN 0172,,,Literacy and Language,,,,,,
2493,2016.0,Spring,Spring2016,2015_2016,EN 0202,,,American Poetry,,,,,,
2782,2015.0,Fall,Fall2015,2015_2016,EN 0203,,,English Epic,,,,,,
2480,2016.0,Spring,Spring2016,2015_2016,EN 0214,,,Shakespeare II,,,,,,
337,2015.0,Fall,Fall2015,2015_2016,EN 0215,,,Introduction to 18th Century British Literature,,,,,,
2747,2015.0,Fall,Fall2015,2015_2016,EN 0231,,,Early American Literature,,,,,,
2818,2016.0,Spring,Spring2016,2015_2016,EN 0233,,,American Literature: 20th Century to the Present,,,,,,
2598,2016.0,Spring,Spring2016,2015_2016,EN 0235,,,Edith Wharton and Her Circle,,,,,,
345,2016.0,Spring,Spring2016,2015_2016,EN 0291,,,Gender and Sexualilty in Film and Literature,,,,,,
2458,2015.0,Fall,Fall2015,2015_2016,EN 0292,,,Contemporary Children's Literature,,,,,,
2479,2016.0,Spring,Spring2016,2015_2016,EN 0314,,,Renaissance Eros,,,,,,
2828,2015.0,Fall,Fall2015,2015_2016,EN 0319,,,James Joyce,,,,,,
2592,2015.0,Fall,Fall2015,2015_2016,EN 0333,,,American Realism &  Naturalism,,,,,,
2812,2015.0,Fall,Fall2015,2015_2016,EN 0334,,,American Modernism,,,,,,
2729,2015.0,Fall,Fall2015,2015_2016,EN 0336,,,Seminar on Toni Morrison,,,,,,
2504,2016.0,Spring,Spring2016,2015_2016,EN 0352,,,Cultural Studies Theory,,,,,,
2790,2016.0,Spring,Spring2016,2015_2016,EN 0372,,,All About Eve,,,,,,
2834,2016.0,Spring,Spring2016,2015_2016,EN 0390,,,Literature Capstone,,,,,,
7185,2016.0,Summer,Summer2016,2015_2016,EN 0405,,,Literature for Young Adults,,,,,,
7256,2015.0,Fall,Fall2015,2015_2016,EN 0411,,,Teaching Writing in the 3-12 Classroom,,,,,,
2101,2015.0,Fall,Fall2015,2015_2016,EN 0417,,,Teaching and Learning Grammar,,,,,,
2454,2016.0,Summer,Summer2016,2015_2016,ENW 0200,,,Creative Writing,,,,,,
2757,2015.0,Fall,Fall2015,2015_2016,ENW 0202,,,Creative Writing: Poetry I,,,,,,
2853,2015.0,Fall,Fall2015,2015_2016,ENW 0205,,,Creative Writing: Fiction I,,,,,,
2410,2016.0,Spring,Spring2016,2015_2016,ENW 0206,,,Creative Writing: Nonfiction I,,,,,,
2854,2015.0,Fall,Fall2015,2015_2016,ENW 0207B,,,Themes in Creative Writing: Reading and Writing Spiritual Works,,,,,,
2875,2015.0,Fall,Fall2015,2015_2016,ENW 0214,,,Professional Presentations: Writing and Delivery,,,,,,
2768,2015.0,Fall,Fall2015,2015_2016,ENW 0220,,,News Writing,,,,,,
2863,2015.0,Fall,Fall2015,2015_2016,ENW 0221,,,News Writing II: Digital Design,,,,,,
2701,2016.0,Spring,Spring2016,2015_2016,ENW 0290,,,Writing and Responding,,,,,,
2859,2016.0,Spring,Spring2016,2015_2016,ENW 0305,,,Creative Writing: Fiction II,,,,,,
2406,2015.0,Fall,Fall2015,2015_2016,ENW 0306,,,Creative Writing: Nonfiction II,,,,,,
2463,2016.0,Spring,Spring2016,2015_2016,ENW 0311,,,Advanced Composition for Teachers,,,,,,
2105,2016.0,Spring,Spring2016,2015_2016,ENW 0317,,,Teaching and Learning Grammar,,,,,,
2770,2015.0,Fall,Fall2015,2015_2016,ENW 0320,,,Writing the Feature Story,,,,,,
2869,2016.0,Spring,Spring2016,2015_2016,ENW 0321,,,Big Data Storytelling,,,,,,
2774,2016.0,Spring,Spring2016,2015_2016,ENW 0330,,,Literary Journalism,,,,,,
2511,2015.0,Fall,Fall2015,2015_2016,ENW 0332,,,Business Writing,,,,,,
2518,2016.0,Spring,Spring2016,2015_2016,ENW 0337,,,Multimedia Writing,,,,,,
2878,2015.0,Fall,Fall2015,2015_2016,ENW 0339,,,Grant and Proposal Writing,,,,,,
2764,2016.0,Spring,Spring2016,2015_2016,ENW 0340,,,World of Publishing,,,,,,
2409,2016.0,Spring,Spring2016,2015_2016,ENW 0399,,,Advanced Portfolio Workshop,,,,,,
2891,2015.0,Fall,Fall2015,2015_2016,EV 0301,,,Environment Workshop,,,,,,
3186,2015.0,Fall,Fall2015,2015_2016,FE 0001,,,First Year Exp: Commuters,,,,,,
2964,2015.0,Fall,Fall2015,2015_2016,FI 0101,,,Introduction to Finance,,,,,,
2983,2016.0,Spring,Spring2016,2015_2016,FI 0190,,,Personal Finance,,,,,,
3019,2015.0,Fall,Fall2015,2015_2016,FI 0200,,,Global Capital Markets,,,,,,
3035,2015.0,Fall,Fall2015,2015_2016,FI 0210,,,Principles of Investment,,,,,,
2994,2016.0,Spring,Spring2016,2015_2016,FI 0215,,,Financial Management,,,,,,
7273,2015.0,Fall,Fall2015,2015_2016,FI 0240,,,International Finance,,,,,,
3107,2016.0,Spring,Spring2016,2015_2016,FI 0310,,,Portfolio Analysis,,,,,,
3096,2015.0,Fall,Fall2015,2015_2016,FI 0315,,,Futures and Options Markets,,,,,,
7285,2015.0,Fall,Fall2015,2015_2016,FI 0320,,,Financial Modeling,,,,,,
3079,2015.0,Fall,Fall2015,2015_2016,FI 0325,,,Real Estate Finance,,,,,,
2992,2016.0,Spring,Spring2016,2015_2016,FI 0330,,,Case Studies in Finance,,,,,,
3134,2016.0,Spring,Spring2016,2015_2016,FI 0397,,,Seminar in Finance: Fixed Income,,,,,,
2966,2015.0,Fall,Fall2015,2015_2016,FI 0398,,,Seminar in Finance,,,,,,
3118,2015.0,Fall,Fall2015,2015_2016,FI 0500,,,Shareholder Value,,,,,,
3043,2016.0,Spring,Spring2016,2015_2016,FI 0530,,,Corporate Finance,,,,,,
3034,2015.0,Fall,Fall2015,2015_2016,FI 0540,,,Investment Analysis,,,,,,
3059,2016.0,Spring,Spring2016,2015_2016,FI 0545,,,Portfolio Management,,,,,,
7281,2016.0,Spring,Spring2016,2015_2016,FI 0555,,,International Financial Management,,,,,,
1857,2016.0,Summer,Summer2016,2015_2016,FI 0560,,,Global Financial Markets and Institutions,,,,,,
3094,2015.0,Fall,Fall2015,2015_2016,FI 0565,,,Derivative Securities,,,,,,
3132,2015.0,Fall,Fall2015,2015_2016,FI 0570,,,Fixed Income Securities,,,,,,
3124,2016.0,Spring,Spring2016,2015_2016,FI 0575,,,Capital Budgeting,,,,,,
3114,2016.0,Summer,Summer2016,2015_2016,FI 0580,,,Financial Risk Management,,,,,,
3136,2015.0,Fall,Fall2015,2015_2016,FI 0585C,,,Seminar: Contemporary Topics in Finance: Trading,,,,,,
2974,2016.0,Spring,Spring2016,2015_2016,FI 0585D,,,Seminar in Contemporary Topics: Rotman Trading Competition,,,,,,
3109,2016.0,Spring,Spring2016,2015_2016,FI 0595,,,Research Methods in Finance,,,,,,
3240,2015.0,Fall,Fall2015,2015_2016,FR 0110,,,Elementary French I,,,,,,
3252,2016.0,Spring,Spring2016,2015_2016,FR 0111,,,Elementary French II,,,,,,
3243,2015.0,Fall,Fall2015,2015_2016,FR 0210,,,Intermediate French I,,,,,,
3254,2016.0,Spring,Spring2016,2015_2016,FR 0211,,,Intermediate French II,,,,,,
3242,2015.0,Fall,Fall2015,2015_2016,FR 0219,,,French Syntax and Expression,,,,,,
3255,2016.0,Spring,Spring2016,2015_2016,FR 0220,,,Topics in Language and Culture,,,,,,
3286,2016.0,Spring,Spring2016,2015_2016,FR 0271,,,Contemporary French Press and Media,,,,,,
3282,2015.0,Fall,Fall2015,2015_2016,FR 0302,,,Survey of Literature in French II,,,,,,
3865,2016.0,Spring,Spring2016,2015_2016,FR 0399,,,Capstone Seminar,,,,,,
4203,2015.0,Fall,Fall2015,2015_2016,FT 0099,,,Comprehensive Exam in Marriage and Family Therapy,,,,,,
4219,2015.0,Fall,Fall2015,2015_2016,FT 0433,,,Multicultural Issues in Counseling,,,,,,
1705,2015.0,Fall,Fall2015,2015_2016,FT 0447,,,Lifespan Human Development,,,,,,
7427,2015.0,Fall,Fall2015,2015_2016,FT 0450,,,Techniques of Narrative and Solution-Focused Therapy,,,,,,
1758,2015.0,Fall,Fall2015,2015_2016,FT 0465,,,Introduction to Substance Abuse and Addictions,,,,,,
4266,2016.0,Spring,Spring2016,2015_2016,FT 0470,,,Professional Practice with LGBTQ Youth and Families,,,,,,
4227,2015.0,Fall,Fall2015,2015_2016,FT 0525,,,"Divorce, Single-Parenting, and Remarriage",,,,,,
4242,2015.0,Fall,Fall2015,2015_2016,FT 0550,,,Introduction to Marriage and Family Therapy,,,,,,
4204,2015.0,Fall,Fall2015,2015_2016,FT 0552,,,Intervention in Structural and Strategic Family Therapy,,,,,,
4240,2015.0,Fall,Fall2015,2015_2016,FT 0553,,,Family Therapy Pre-Practicum,,,,,,
4208,2016.0,Spring,Spring2016,2015_2016,FT 0555,,,Foundations of Marital and Family Therapy,,,,,,
4258,2015.0,Fall,Fall2015,2015_2016,FT 0556,,,Research in Marriage and Family Therapy,,,,,,
4228,2015.0,Fall,Fall2015,2015_2016,FT 0559,,,Practicum in Family Therapy I,,,,,,
4229,2015.0,Fall,Fall2015,2015_2016,FT 0560,,,Practicum in Family Therapy II,,,,,,
4263,2016.0,Spring,Spring2016,2015_2016,FT 0561,,,Advanced Interventions in Family Therapy,,,,,,
4293,2015.0,Fall,Fall2015,2015_2016,FT 0562,,,Human Sexuality and Sexual Dysfunction,,,,,,
4320,2016.0,Spring,Spring2016,2015_2016,FT 0565,,,"Ethical, Legal, and Professional Issues in Family Therapy",,,,,,
1708,2015.0,Fall,Fall2015,2015_2016,FT 0566,,,Substance Abuse and the Family,,,,,,
4257,2015.0,Fall,Fall2015,2015_2016,FT 0567,,,Couples Therapy,,,,,,
4300,2016.0,Spring,Spring2016,2015_2016,FT 0569,,,Assessment Techniques in Marriage and Family Therapy,,,,,,
4212,2016.0,Summer,Summer2016,2015_2016,FT 0580,,,Internship in Family Therapy I,,,,,,
4213,2016.0,Summer,Summer2016,2015_2016,FT 0581,,,Internship in Family Therapy II,,,,,,
2935,2016.0,Spring,Spring2016,2015_2016,FTM 0010,,,Introduction to Film Studies,,,,,,
7267,2016.0,Spring,Spring2016,2015_2016,FTM 0011,,,"Lights, Camera, Audio",,,,,,
2933,2016.0,Spring,Spring2016,2015_2016,FTM 0102,,,American Television: History and Analysis,,,,,,
2925,2015.0,Fall,Fall2015,2015_2016,FTM 0103,,,World Cinema,,,,,,
7080,2016.0,Spring,Spring2016,2015_2016,FTM 0104,,,Documentary Cinema,,,,,,
2941,2015.0,Fall,Fall2015,2015_2016,FTM 0105B,,,American Film: Decades - The Radical 1960s,,,,,,
2923,2015.0,Fall,Fall2015,2015_2016,FTM 0106A,,,Film Genres: The Western,,,,,,
2934,2016.0,Spring,Spring2016,2015_2016,FTM 0106I,,,Film Genres: Cult Cinema,,,,,,
7079,2015.0,Fall,Fall2015,2015_2016,FTM 0107A,,,TV Genres: Crime Dramas,,,,,,
7083,2016.0,Spring,Spring2016,2015_2016,FTM 0109,,,"Women, Gender, and Sexuality in Cinema",,,,,,
2924,2015.0,Fall,Fall2015,2015_2016,FTM 0110A,,,Special Topics: Interactive Media and Digital Culture,,,,,,
2915,2015.0,Fall,Fall2015,2015_2016,FTM 0120,,,Beginning Screenwriting for Film and Television,,,,,,
8494,2016.0,Spring,Spring2016,2015_2016,FTM 0130,,,Nonlinear Editing for Film and Television,,,,,,
2916,2015.0,Fall,Fall2015,2015_2016,FTM 0131,,,Introduction to Production,,,,,,
7262,2015.0,Fall,Fall2015,2015_2016,FTM 0132,,,Web Design,,,,,,
7078,2015.0,Fall,Fall2015,2015_2016,FTM 0205,,,Survey of Film Music: Hearing the Movies,,,,,,
7266,2016.0,Spring,Spring2016,2015_2016,FTM 0220,,,Intermediate Screenwriting for Film and Television,,,,,,
8495,2016.0,Spring,Spring2016,2015_2016,FTM 0232,,,Studio Television Production,,,,,,
8496,2016.0,Spring,Spring2016,2015_2016,FTM 0235,,,Digital Motion Graphics,,,,,,
2917,2015.0,Fall,Fall2015,2015_2016,FTM 0310,,,Senior Capstone Seminar I,,,,,,
7268,2016.0,Spring,Spring2016,2015_2016,FTM 0311,,,Senior Capstone Seminar II,,,,,,
3334,2015.0,Fall,Fall2015,2015_2016,GM 0110,,,Elementary German I,,,,,,
3343,2016.0,Spring,Spring2016,2015_2016,GM 0111,,,Elementary German II,,,,,,
3335,2015.0,Fall,Fall2015,2015_2016,GM 0210,,,Intermediate German I,,,,,,
3345,2016.0,Spring,Spring2016,2015_2016,GM 0211,,,Intermediate German II,,,,,,
3344,2016.0,Spring,Spring2016,2015_2016,GM 0252,,,German Culture & Civilization,,,,,,
3336,2015.0,Fall,Fall2015,2015_2016,GM 0262,,,Survey of German Literature,,,,,,
1379,2015.0,Fall,Fall2015,2015_2016,GR 0111,,,Elementary Attic Greek,,,,,,
1380,2015.0,Fall,Fall2015,2015_2016,GR 0211,,,Intermediate Greek Readings II,,,,,,
619,2015.0,Fall,Fall2015,2015_2016,HE 0110,,,Elementary Hebrew I,,,,,,
305,2015.0,Fall,Fall2015,2015_2016,HI 0010,,,Origins of the Modern World Since 1500,,,,,,
3470,2015.0,Fall,Fall2015,2015_2016,HI 0201,,,Intro/ Hist of Western Science,,,,,,
3479,2016.0,Spring,Spring2016,2015_2016,HI 0202,,,"Health and Healing in America, 1650-1980: History of Western Medicine",,,,,,
7329,2016.0,Spring,Spring2016,2015_2016,HI 0203,,,European Society Middle Ages,,,,,,
3463,2016.0,Spring,Spring2016,2015_2016,HI 0210,,,The Third Reich,,,,,,
3412,2015.0,Fall,Fall2015,2015_2016,HI 0215,,,"Ireland,Middle Ages to Present",,,,,,
3424,2016.0,Spring,Spring2016,2015_2016,HI 0217,,,Britain and its Empire Since 1800,,,,,,
1408,2015.0,Fall,Fall2015,2015_2016,HI 0220,,,Ancient African Civilizations,,,,,,
1418,2016.0,Spring,Spring2016,2015_2016,HI 0222,,,The Roman Revolution,,,,,,
3381,2016.0,Spring,Spring2016,2015_2016,HI 0237,,,American Prophetic Tradition,,,,,,
3390,2016.0,Summer,Summer2016,2015_2016,HI 0239,,,20th Century United States,,,,,,
3507,2015.0,Fall,Fall2015,2015_2016,HI 0240,,,The Personal Is Political: Women's Activism in the 1960s,,,,,,
312,2016.0,Spring,Spring2016,2015_2016,HI 0247,,,Family & Sexuality in U.S. History,,,,,,
329,2016.0,Spring,Spring2016,2015_2016,HI 0256,,,Introduction to Public History,,,,,,
3505,2015.0,Fall,Fall2015,2015_2016,HI 0262,,,"African-American History, 1619 to 1865",,,,,,
3521,2016.0,Spring,Spring2016,2015_2016,HI 0263,,,Inventing Themselves: African-American Women in U.S. History,,,,,,
7304,2016.0,Spring,Spring2016,2015_2016,HI 0265,,,"History of the Indian Subcontinent: Colonialism, Nationalism, and Democracy, c.1857-Today",,,,,,
3382,2016.0,Spring,Spring2016,2015_2016,HI 0270,,,History of Global Humanitarian Action,,,,,,
3372,2015.0,Fall,Fall2015,2015_2016,HI 0272,,,"Russia, 700-1700: History and Myth",,,,,,
3370,2015.0,Fall,Fall2015,2015_2016,HI 0274,,,Historical Perspectives on Contemporary Global Crises,,,,,,
6964,2015.0,Fall,Fall2015,2015_2016,HI 0279,,,China from the Classical Time to the 1800s,,,,,,
3437,2015.0,Fall,Fall2015,2015_2016,HI 0281,,,Portrait of the Arabs,,,,,,
6975,2016.0,Spring,Spring2016,2015_2016,HI 0285,,,Modern China:1800 to Present,,,,,,
3398,2015.0,Fall,Fall2015,2015_2016,HI 0289,,,"Modern Latin America, 1800-Present",,,,,,
3408,2016.0,Spring,Spring2016,2015_2016,HI 0297,,,"Power, Politics, History: US-Latin American Relations from the 1800s to the Present",,,,,,
3535,2015.0,Fall,Fall2015,2015_2016,HI 0298,,,Historical Geography,,,,,,
7331,2016.0,Spring,Spring2016,2015_2016,HI 0313,,,Godless: Atheism and Skeptical Thought in the West,,,,,,
315,2016.0,Spring,Spring2016,2015_2016,HI 0346,,,"Saints, Sinners, and Sisters: Women and Religion in American History",,,,,,
323,2015.0,Fall,Fall2015,2015_2016,HI 0349,,,The 1930s in America,,,,,,
6974,2016.0,Spring,Spring2016,2015_2016,HI 0367,,,East Asia in 20th-Century American Wars,,,,,,
3397,2015.0,Fall,Fall2015,2015_2016,HI 0383,,,"From Chocolate to Cocaine: Food, Consumption, and Commodities in Latin America, 1500 to the Present",,,,,,
3373,2015.0,Fall,Fall2015,2015_2016,HI 0391,,,The Meanings of History,,,,,,
5517,2015.0,Fall,Fall2015,2015_2016,HR 0100,,,Ideas That Shaped the West,,,,,,
5510,2016.0,Spring,Spring2016,2015_2016,HR 0101,,,Minds and Bodies,,,,,,
2727,2015.0,Fall,Fall2015,2015_2016,HR 0200,,,Challenges to the Western Tradition,,,,,,
5903,2016.0,Spring,Spring2016,2015_2016,HR 0201,,,Non-Western Culture: Turkey,,,,,,
328,2016.0,Spring,Spring2016,2015_2016,HR 0202,,,Honors Seminar: Connecticut History IS American History: From Local to National History,,,,,,
2897,2016.0,Spring,Spring2016,2015_2016,HR 0300,,,Interdisciplinary Inquiry: Critical Environmental Policy and Legal Challenges for the 21st Century,,,,,,
1593,2016.0,Spring,Spring2016,2015_2016,HS 0101,,,Introduction to Health Studies,,,,,,
968,2016.0,Spring,Spring2016,2015_2016,HS 0399,,,Health Studies Capstone,,,,,,
6831,2016.0,Spring,Spring2016,2015_2016,ID 0395,,,Water Theme Seminar,,,,,,
3807,2015.0,Fall,Fall2015,2015_2016,IL 0050,,,"People, Places, and Global Issues",,,,,,
3760,2015.0,Fall,Fall2015,2015_2016,IL 0051,,,International Relations: Theories and Challenges,,,,,,
378,2015.0,Fall,Fall2015,2015_2016,IL 0052,,,Culture and Political Economy,,,,,,
7123,2015.0,Fall,Fall2015,2015_2016,IL 0053,,,Introduction to Economics,,,,,,
3776,2016.0,Summer,Summer2016,2015_2016,IL 0197,,,United Nations Security Council Crisis Simulation,,,,,,
3769,2016.0,Spring,Spring2016,2015_2016,IL 0300,,,Senior Capstone Seminar,,,,,,
3704,2016.0,Summer,Summer2016,2015_2016,IN 0107,,,Color Design,,,,,,
7379,2015.0,Fall,Fall2015,2015_2016,IN 0109,,,CADD: Computer-Aided Design and Drafting,,,,,,
3688,2015.0,Fall,Fall2015,2015_2016,IN 0110,,,Interior Design I,,,,,,
8424,2016.0,Spring,Spring2016,2015_2016,IN 0111,,,Textiles for Interiors,,,,,,
3721,2015.0,Fall,Fall2015,2015_2016,IN 0114,,,History of Furniture II,,,,,,
3732,2015.0,Fall,Fall2015,2015_2016,IN 0119,,,Drawing and Presentation,,,,,,
3748,2016.0,Spring,Spring2016,2015_2016,IN 0121,,,Sustainable Design,,,,,,
3709,2016.0,Summer,Summer2016,2015_2016,IN 0122,,,Rendering,,,,,,
3745,2016.0,Spring,Spring2016,2015_2016,IN 0211,,,Interior Design II,,,,,,
3736,2015.0,Fall,Fall2015,2015_2016,IN 0212,,,Interior Design III,,,,,,
3692,2015.0,Fall,Fall2015,2015_2016,IN 0213,,,Interior Design IV,,,,,,
3705,2016.0,Summer,Summer2016,2015_2016,IN 0215,,,Lighting for Interiors,,,,,,
3753,2016.0,Summer,Summer2016,2015_2016,IN 0219,,,Interior Design VI,,,,,,
3707,2016.0,Summer,Summer2016,2015_2016,IN 0220,,,Perspective Techniques,,,,,,
3686,2015.0,Fall,Fall2015,2015_2016,IN 0221,,,Business of Interior Design,,,,,,
3593,2015.0,Fall,Fall2015,2015_2016,IS 0100,,,Intro to Information Systems,,,,,,
3620,2016.0,Spring,Spring2016,2015_2016,IS 0135,,,Fundamentals of Web Design,,,,,,
5461,2016.0,Spring,Spring2016,2015_2016,IS 0210,,,Business Analytics with Spreadsheets,,,,,,
3622,2016.0,Spring,Spring2016,2015_2016,IS 0240,,,Systems Analysis and Logical Design,,,,,,
3591,2015.0,Fall,Fall2015,2015_2016,IS 0260,,,Database Systems,,,,,,
3592,2015.0,Fall,Fall2015,2015_2016,IS 0310,,,E-Business Applications,,,,,,
3633,2015.0,Fall,Fall2015,2015_2016,IS 0320,,,Systems Design and Implementation,,,,,,
3609,2016.0,Winter,Winter2016,2015_2016,IS 0500,,,Information Systems and Database Management,,,,,,
3674,2015.0,Fall,Fall2015,2015_2016,IS 0520,,,Project Management,,,,,,
7365,2016.0,Spring,Spring2016,2015_2016,IS 0540,,,Data Mining and Business Intelligence,,,,,,
7364,2016.0,Spring,Spring2016,2015_2016,IS 0550,,,Business Analytics and Big Data Mgmt,,,,,,
3639,2016.0,Spring,Spring2016,2015_2016,IS 0585,,,Contemporary Topics: Information Systems and Data,,,,,,
7372,2016.0,Summer,Summer2016,2015_2016,IS 0585B,,,Contemporary Topics: Advanced Data Mining Applications,,,,,,
3821,2015.0,Fall,Fall2015,2015_2016,IT 0110,,,Elementary Italian I,,,,,,
3848,2016.0,Spring,Spring2016,2015_2016,IT 0111,,,Elementary Italian II,,,,,,
3823,2015.0,Fall,Fall2015,2015_2016,IT 0210,,,Intermediate Italian I,,,,,,
3832,2016.0,Spring,Spring2016,2015_2016,IT 0211,,,Intermediate Italian II,,,,,,
3856,2015.0,Fall,Fall2015,2015_2016,IT 0220,,,Topics in Language and Culture,,,,,,
3834,2016.0,Spring,Spring2016,2015_2016,IT 0330,,,Redefining the Cosmos: Voyages to the New World in the Italian Renaissance,,,,,,
3866,2016.0,Spring,Spring2016,2015_2016,IT 0399,,,Capstone Seminar,,,,,,
3889,2015.0,Fall,Fall2015,2015_2016,JA 0110,,,Elementary Japanese I,,,,,,
3895,2016.0,Spring,Spring2016,2015_2016,JA 0111,,,Elementary Japanese II,,,,,,
3890,2015.0,Fall,Fall2015,2015_2016,JA 0210,,,Intermediate Japanese I,,,,,,
3896,2016.0,Spring,Spring2016,2015_2016,JA 0211,,,Intermediate Japanese II,,,,,,
1378,2015.0,Fall,Fall2015,2015_2016,LA 0111,,,Basic Latin,,,,,,
1381,2015.0,Fall,Fall2015,2015_2016,LA 0210,,,Latin Readings (Comedy),,,,,,
1395,2016.0,Spring,Spring2016,2015_2016,LA 0211,,,Readings in Latin Prose and Poetry II,,,,,,
1925,2016.0,Spring,Spring2016,2015_2016,LAC 0300,,,Justice and the Developing World,,,,,,
4327,2015.0,Fall,Fall2015,2015_2016,MA 0011,,,Precalculus,,,,,,
2229,2015.0,Fall,Fall2015,2015_2016,MA 0017,,,Introduction to Probability and Statistics,,,,,,
1654,2015.0,Fall,Fall2015,2015_2016,MA 0019,,,Introduction to Calculus,,,,,,
4325,2015.0,Fall,Fall2015,2015_2016,MA 0119,,,Applied Calculus I,,,,,,
4378,2016.0,Spring,Spring2016,2015_2016,MA 0120,,,Applied Calculus II,,,,,,
4394,2015.0,Fall,Fall2015,2015_2016,MA 0145,,,"Calculus I for Chemistry, Engineering, and Physics Majors",,,,,,
4399,2016.0,Spring,Spring2016,2015_2016,MA 0146,,,"Calculus II for Chemistry, Engineering, and Physics Majors",,,,,,
4420,2015.0,Fall,Fall2015,2015_2016,MA 0151,,,Functional Programming,,,,,,
3544,2015.0,Fall,Fall2015,2015_2016,MA 0171,,,Calculus I,,,,,,
3550,2016.0,Spring,Spring2016,2015_2016,MA 0172,,,Calculus II,,,,,,
4380,2016.0,Spring,Spring2016,2015_2016,MA 0211,,,Applied Matrix Theory,,,,,,
4432,2015.0,Fall,Fall2015,2015_2016,MA 0217,,,Accelerated Statistics,,,,,,
7458,2015.0,Fall,Fall2015,2015_2016,MA 0221,,,Applied Calculus III,,,,,,
4508,2016.0,Spring,Spring2016,2015_2016,MA 0231,,,Discrete Mathematics,,,,,,
4429,2016.0,Spring,Spring2016,2015_2016,MA 0235,,,Linear Algebra,,,,,,
2228,2015.0,Fall,Fall2015,2015_2016,MA 0245,,,"Calculus III for Chemistry, Engineering, and Physics Majors",,,,,,
2230,2015.0,Fall,Fall2015,2015_2016,MA 0251,,,Ordinary Differential Equations,,,,,,
4584,2015.0,Fall,Fall2015,2015_2016,MA 0273,,,Multivariable Calculus,,,,,,
4590,2016.0,Spring,Spring2016,2015_2016,MA 0300,,,Topics in Discrete Mathematics,,,,,,
4408,2015.0,Fall,Fall2015,2015_2016,MA 0331,,,Applied Mathematics,,,,,,
2240,2016.0,Spring,Spring2016,2015_2016,MA 0332,,,Partial Differential Equations,,,,,,
4383,2015.0,Fall,Fall2015,2015_2016,MA 0334,,,Abstract Algebra,,,,,,
7451,2016.0,Spring,Spring2016,2015_2016,MA 0337,,,Number Theory,,,,,,
7469,2016.0,Spring,Spring2016,2015_2016,MA 0342,,,Theory of Computation,,,,,,
2231,2015.0,Fall,Fall2015,2015_2016,MA 0351,,,Probability Theory,,,,,,
2238,2016.0,Spring,Spring2016,2015_2016,MA 0352,,,Mathematical Statistics,,,,,,
4563,2016.0,Spring,Spring2016,2015_2016,MA 0354,,,Actuarial Problem Solving,,,,,,
4390,2016.0,Spring,Spring2016,2015_2016,MA 0361,,,Topics in Algebra,,,,,,
4555,2015.0,Fall,Fall2015,2015_2016,MA 0371,,,Real Analysis,,,,,,
4517,2015.0,Fall,Fall2015,2015_2016,MA 0383,,,Modern Geometry,,,,,,
7460,2015.0,Fall,Fall2015,2015_2016,MA 0390,,,Honors Seminar I,,,,,,
4428,2016.0,Spring,Spring2016,2015_2016,MA 0391,,,Honors Seminar II,,,,,,
4486,2015.0,Fall,Fall2015,2015_2016,MA 0417,,,Applied Statistical Methods,,,,,,
4588,2016.0,Spring,Spring2016,2015_2016,MA 0435,,,Algebra & Linear Algebra I,,,,,,
4541,2016.0,Spring,Spring2016,2015_2016,MA 0451,,,Probability and Statistics I,,,,,,
4409,2015.0,Fall,Fall2015,2015_2016,MA 0471,,,Real & Complex Analysis I,,,,,,
2241,2016.0,Spring,Spring2016,2015_2016,MA 0472,,,Real & Complex Analysis II,,,,,,
4482,2016.0,Summer,Summer2016,2015_2016,MA 0495A,,,Special Topics: History of Mathematics,,,,,,
3543,2015.0,Fall,Fall2015,2015_2016,MA 0531,,,Applied Mathematics I,,,,,,
3549,2016.0,Spring,Spring2016,2015_2016,MA 0532,,,Applied Mathematics II,,,,,,
7452,2016.0,Spring,Spring2016,2015_2016,MA 0537,,,Number Theory,,,,,,
4597,2015.0,Fall,Fall2015,2015_2016,MA 0550,,,Classical Financial Mathematics,,,,,,
4516,2015.0,Fall,Fall2015,2015_2016,MA 0583,,,Geometry,,,,,,
2011,2016.0,Spring,Spring2016,2015_2016,MD 0099,,,Comp Exam: Schl Library Media,,,,,,
2171,2015.0,Fall,Fall2015,2015_2016,MD 0300,,,Introduction to Educational Technology,,,,,,
2178,2015.0,Fall,Fall2015,2015_2016,MD 0400,,,Introduction to Educational Technology,,,,,,
2173,2016.0,Summer,Summer2016,2015_2016,MD 0401E,,,Special Topics: Technology for K-12 Teachers,,,,,,
2177,2015.0,Fall,Fall2015,2015_2016,MD 0433,,,Critical Viewing of Television,,,,,,
7896,2016.0,Summer,Summer2016,2015_2016,MD 0500,,,Technology and Transformational Culture,,,,,,
7193,2015.0,Fall,Fall2015,2015_2016,MD 0503,,,Research and Evaluation in K-12 Consultation and Leadership,,,,,,
4604,2015.0,Fall,Fall2015,2015_2016,ME 0201,,,Engineering Statics,,,,,,
4614,2016.0,Spring,Spring2016,2015_2016,ME 0203,,,Kinematics and Dynamics,,,,,,
7480,2015.0,Fall,Fall2015,2015_2016,ME 0206L,,,Mechanics Lab,,,,,,
2363,2015.0,Fall,Fall2015,2015_2016,ME 0241,,,Principles of Thermodynamics,,,,,,
4684,2016.0,Spring,Spring2016,2015_2016,ME 0307L,,,Dynamics Systems Lab,,,,,,
4616,2016.0,Spring,Spring2016,2015_2016,ME 0308,,,Strength of Materials,,,,,,
4640,2016.0,Spring,Spring2016,2015_2016,ME 0310L,,,Product Manufacturing Lab,,,,,,
4626,2015.0,Fall,Fall2015,2015_2016,ME 0311,,,Machine Design,,,,,,
4637,2016.0,Spring,Spring2016,2015_2016,ME 0318,,,Finite Element Analysis,,,,,,
7482,2015.0,Fall,Fall2015,2015_2016,ME 0319,,,Applications of Finite Element Analysis,,,,,,
4657,2015.0,Fall,Fall2015,2015_2016,ME 0321,,,Advanced Kinematics,,,,,,
4662,2015.0,Fall,Fall2015,2015_2016,ME 0322,,,Advanced Dynamics,,,,,,
4638,2016.0,Spring,Spring2016,2015_2016,ME 0324,,,Micro and Nano Manufacturing,,,,,,
4670,2016.0,Spring,Spring2016,2015_2016,ME 0330,,,Mechanics of Composite Materials,,,,,,
2370,2016.0,Spring,Spring2016,2015_2016,ME 0342,,,Applications of Thermodynamics,,,,,,
4673,2015.0,Fall,Fall2015,2015_2016,ME 0346,,,Energy Conversion,,,,,,
2372,2016.0,Spring,Spring2016,2015_2016,ME 0347,,,Fluid Mechanics,,,,,,
8502,2016.0,Spring,Spring2016,2015_2016,ME 0348L,,,Thermal and Fluids Lab,,,,,,
2361,2015.0,Fall,Fall2015,2015_2016,ME 0349,,,Heat Transfer,,,,,,
4681,2015.0,Fall,Fall2015,2015_2016,ME 0350L,,,Energy Transfer Lab,,,,,,
2219,2016.0,Spring,Spring2016,2015_2016,ME 0353,,,Computational Fluid Dynamics,,,,,,
2381,2016.0,Summer,Summer2016,2015_2016,ME 0362,,,Turbomachinery,,,,,,
4636,2016.0,Spring,Spring2016,2015_2016,ME 0372,,,Applications of Theory of Elasticity,,,,,,
4642,2016.0,Spring,Spring2016,2015_2016,ME 0410L,,,Product Manufacturing Lab,,,,,,
4658,2015.0,Fall,Fall2015,2015_2016,ME 0411,,,Advanced Kinematics,,,,,,
4663,2015.0,Fall,Fall2015,2015_2016,ME 0412,,,Advanced Dynamics,,,,,,
7912,2016.0,Summer,Summer2016,2015_2016,ME 0423,,,Thermal Management of Microdevices,,,,,,
4639,2016.0,Spring,Spring2016,2015_2016,ME 0424,,,Micro and Nano Manufacturing,,,,,,
2216,2015.0,Fall,Fall2015,2015_2016,ME 0425,,,Engineering Applications of Numerical Methods,,,,,,
2220,2016.0,Spring,Spring2016,2015_2016,ME 0428,,,Computational Fluid Dynamics,,,,,,
4671,2016.0,Spring,Spring2016,2015_2016,ME 0444,,,Mechanics of Composite Materials,,,,,,
4674,2015.0,Fall,Fall2015,2015_2016,ME 0451,,,Energy Conversion,,,,,,
2380,2016.0,Summer,Summer2016,2015_2016,ME 0452,,,Heat and Mass Transfer,,,,,,
2382,2016.0,Summer,Summer2016,2015_2016,ME 0453,,,Turbomachinery,,,,,,
7483,2015.0,Fall,Fall2015,2015_2016,ME 0470,,,Applications of Finite Element Analysis,,,,,,
4635,2016.0,Spring,Spring2016,2015_2016,ME 0472,,,Applic of Theory of Elasticity,,,,,,
3900,2015.0,Fall,Fall2015,2015_2016,MG 0101,,,Introduction to Management,,,,,,
7387,2015.0,Fall,Fall2015,2015_2016,MG 0235,,,Managing Human Resources,,,,,,
3967,2015.0,Fall,Fall2015,2015_2016,MG 0240,,,Leading and Managing People,,,,,,
3995,2015.0,Fall,Fall2015,2015_2016,MG 0300,,,Business Strategies in the Global Environment,,,,,,
8435,2016.0,Spring,Spring2016,2015_2016,MG 0303B,,,Topics in Management: Leading Sport Organizations,,,,,,
4029,2015.0,Fall,Fall2015,2015_2016,MG 0320,,,Diversity in the Workplace,,,,,,
3966,2015.0,Fall,Fall2015,2015_2016,MG 0330,,,Career Planning,,,,,,
4059,2015.0,Fall,Fall2015,2015_2016,MG 0335,,,Entrepreneurship and Small Business Management,,,,,,
4062,2016.0,Spring,Spring2016,2015_2016,MG 0336,,,Social Entrepreneurship,,,,,,
4035,2015.0,Fall,Fall2015,2015_2016,MG 0337,,,Technology Ventures,,,,,,
8358,2016.0,Spring,Spring2016,2015_2016,MG 0338,,,Managing a Family Business,,,,,,
3911,2015.0,Fall,Fall2015,2015_2016,MG 0340,,,Critical Issues in Management,,,,,,
1070,2015.0,Fall,Fall2015,2015_2016,MG 0350,,,International Law,,,,,,
7389,2015.0,Fall,Fall2015,2015_2016,MG 0360,,,Negotiations and Dispute Resolution,,,,,,
4024,2016.0,Spring,Spring2016,2015_2016,MG 0370,,,Managing Non-Profit Organizations,,,,,,
4003,2016.0,Spring,Spring2016,2015_2016,MG 0380,,,"Performance, Compensation, and Reward",,,,,,
3961,2016.0,Summer,Summer2016,2015_2016,MG 0400,,,Organizational Behavior,,,,,,
3986,2016.0,Summer,Summer2016,2015_2016,MG 0500,,,Leadership,,,,,,
472,2016.0,Spring,Spring2016,2015_2016,MG 0503,,,Legal and Ethical Environment of Business,,,,,,
427,2015.0,Fall,Fall2015,2015_2016,MG 0504,,,Managing People for Competitive Advantage,,,,,,
7396,2016.0,Spring,Spring2016,2015_2016,MG 0507,,,Negotiations and Dispute Resolution,,,,,,
4034,2015.0,Fall,Fall2015,2015_2016,MG 0508,,,Strategic Management of Technology and Innovation: The Entrepreneurial Firm,,,,,,
1042,2015.0,Fall,Fall2015,2015_2016,MG 0512,,,The Law of Commercial Transactions: Advanced Studies in the Uniform Commerical Code,,,,,,
4052,2016.0,Summer,Summer2016,2015_2016,MG 0540,,,Cross-Cultural Management,,,,,,
4018,2015.0,Fall,Fall2015,2015_2016,MG 0584,,,Capstone: Global Competitive Strategy,,,,,,
4080,2016.0,Spring,Spring2016,2015_2016,MK 0101,,,Principles of Marketing,,,,,,
4129,2015.0,Fall,Fall2015,2015_2016,MK 0212,,,Consumer Behavior,,,,,,
4149,2015.0,Fall,Fall2015,2015_2016,MK 0221,,,Sales & Sales Management,,,,,,
4067,2015.0,Fall,Fall2015,2015_2016,MK 0231,,,Advertising,,,,,,
8439,2016.0,Spring,Spring2016,2015_2016,MK 0241,,,Digital Marketing,,,,,,
7412,2016.0,Spring,Spring2016,2015_2016,MK 0251,,,Social Media Marketing,,,,,,
4158,2016.0,Spring,Spring2016,2015_2016,MK 0311,,,Marketing Research,,,,,,
7416,2015.0,Fall,Fall2015,2015_2016,MK 0312,,,Global Marketing,,,,,,
4111,2015.0,Fall,Fall2015,2015_2016,MK 0321,,,Marketing Channels,,,,,,
4079,2016.0,Spring,Spring2016,2015_2016,MK 0331,,,Media Strategy,,,,,,
4069,2015.0,Fall,Fall2015,2015_2016,MK 0332,,,Public Relations,,,,,,
4156,2016.0,Spring,Spring2016,2015_2016,MK 0341,,,Brand Management,,,,,,
4164,2016.0,Summer,Summer2016,2015_2016,MK 0400,,,Marketing Management,,,,,,
4179,2015.0,Fall,Fall2015,2015_2016,MK 0500,,,Customer Value,,,,,,
4093,2015.0,Fall,Fall2015,2015_2016,MK 0510,,,Customer Behavior,,,,,,
4102,2016.0,Spring,Spring2016,2015_2016,MK 0520,,,Marketing Research,,,,,,
4176,2016.0,Winter,Winter2016,2015_2016,MK 0540,,,Advertising Management,,,,,,
8441,2016.0,Spring,Spring2016,2015_2016,MK 0570,,,Digital Marketing,,,,,,
8498,2016.0,Spring,Spring2016,2015_2016,MOT 0405,,,Supply Chain Design,,,,,,
7400,2015.0,Fall,Fall2015,2015_2016,MOT 0415,,,Information Systems,,,,,,
7402,2015.0,Fall,Fall2015,2015_2016,MOT 0450,,,"Planning, Research, and Development",,,,,,
5358,2016.0,Spring,Spring2016,2015_2016,MOT 0460,,,Project Management,,,,,,
5350,2015.0,Fall,Fall2015,2015_2016,MOT 0470,,,Leadership in Technical Enterprise,,,,,,
8500,2016.0,Spring,Spring2016,2015_2016,MOT 0485,,,Management of Intellectual Property,,,,,,
5357,2016.0,Spring,Spring2016,2015_2016,MOT 0500,,,Introduction to Systems Engineering,,,,,,
5362,2016.0,Summer,Summer2016,2015_2016,MOT 0525,,,Principles of Quality Management,,,,,,
5347,2015.0,Fall,Fall2015,2015_2016,MOT 0591,,,Capstone I: Project Definition and Planning,,,,,,
5348,2015.0,Fall,Fall2015,2015_2016,MOT 0592,,,Capstone II: Project Execution and Results,,,,,,
1891,2016.0,Spring,Spring2016,2015_2016,MPA 0400,,,Financial Management and Budgeting,,,,,,
6218,2015.0,Fall,Fall2015,2015_2016,MPA 0410,,,Introduction to Public Administration,,,,,,
1580,2015.0,Fall,Fall2015,2015_2016,MPA 0420,,,Leadership,,,,,,
2882,2016.0,Spring,Spring2016,2015_2016,MPA 0425,,,Grant Writing,,,,,,
4715,2016.0,Winter,Winter2016,2015_2016,MU 0101,,,The History of Jazz,,,,,,
4733,2016.0,Spring,Spring2016,2015_2016,MU 0103,,,History of Music: 400-1700,,,,,,
3566,2016.0,Spring,Spring2016,2015_2016,MU 0104,,,History of Music: 1700-1964,,,,,,
2947,2015.0,Fall,Fall2015,2015_2016,MU 0113,,,Introduction to Piano and the Elements of Music,,,,,,
3558,2015.0,Fall,Fall2015,2015_2016,MU 0120,,,The History of American Song,,,,,,
4705,2016.0,Spring,Spring2016,2015_2016,MU 0122,,,World Music History and Ensemble,,,,,,
3555,2015.0,Fall,Fall2015,2015_2016,MU 0150,,,Music Theory and Composition I,,,,,,
2946,2015.0,Fall,Fall2015,2015_2016,MU 0156,,,Introduction to Music Technology: History and Practice,,,,,,
4750,2015.0,Fall,Fall2015,2015_2016,MU 0157,,,Introduction to the Music Industry,,,,,,
4727,2015.0,Fall,Fall2015,2015_2016,MU 0200B,,,Special Topics: Beethoven: His Life and Music,,,,,,
3557,2015.0,Fall,Fall2015,2015_2016,MU 0200C,,,Special Topics: Hip Hop and Its Antecedents,,,,,,
4744,2016.0,Spring,Spring2016,2015_2016,MU 0243,,,19th Century Romanticism in Music,,,,,,
2948,2015.0,Fall,Fall2015,2015_2016,MU 0245,,,Survey of Film Music: Hearing the Movies,,,,,,
3567,2016.0,Spring,Spring2016,2015_2016,MU 0250,,,Music Theory & Composition II,,,,,,
4753,2015.0,Fall,Fall2015,2015_2016,MU 0255,,,University Symphony Orchestra,,,,,,
4704,2016.0,Spring,Spring2016,2015_2016,MU 0256,,,Jazz Ensemble,,,,,,
4760,2015.0,Fall,Fall2015,2015_2016,NS 0110,,,Introduction to Professional Nursing,,,,,,
4775,2015.0,Fall,Fall2015,2015_2016,NS 0112,,,HealthcareDeliverySystems,,,,,,
4821,2015.0,Fall,Fall2015,2015_2016,NS 0250,,,Dimensions of Professional Nursing,,,,,,
4802,2016.0,Spring,Spring2016,2015_2016,NS 0252,,,Health Assessment for Registered Nurses,,,,,,
4809,2016.0,Summer,Summer2016,2015_2016,NS 0270,,,Health Assessment,,,,,,
4800,2016.0,Spring,Spring2016,2015_2016,NS 0270L,,,Health Assessment Lab,,,,,,
4852,2016.0,Summer,Summer2016,2015_2016,NS 0272,,,Geriatric Nursing,,,,,,
4843,2016.0,Spring,Spring2016,2015_2016,NS 0272C,,,Geriatric Nursing Clinical,,,,,,
4774,2015.0,Fall,Fall2015,2015_2016,NS 0301,,,Health and Wellness,,,,,,
4861,2015.0,Fall,Fall2015,2015_2016,NS 0301C,,,Health and Wellness Clinical,,,,,,
4789,2015.0,Fall,Fall2015,2015_2016,NS 0303,,,Basic Pathophysiology and Pharmacology,,,,,,
5058,2015.0,Fall,Fall2015,2015_2016,NS 0305,,,Mental Health Nursing,,,,,,
5089,2015.0,Fall,Fall2015,2015_2016,NS 0305C,,,Mental Health Nursing Clinical,,,,,,
4943,2016.0,Summer,Summer2016,2015_2016,NS 0307,,,Fundamentals of Nursing Care,,,,,,
4924,2015.0,Fall,Fall2015,2015_2016,NS 0307L,,,Fundamentals of Nursing Care Lab,,,,,,
5020,2016.0,Spring,Spring2016,2015_2016,NS 0310,,,Foundations of Research for Evidence Based Practice,,,,,,
4965,2016.0,Spring,Spring2016,2015_2016,NS 0312,,,Medical Surgical Nursing I,,,,,,
4875,2016.0,Spring,Spring2016,2015_2016,NS 0312C,,,Medical Surgical Nursing I Clinical,,,,,,
7548,2015.0,Fall,Fall2015,2015_2016,NS 0314,,,Maternal and Newborn Nursing,,,,,,
4907,2016.0,Spring,Spring2016,2015_2016,NS 0314C,,,Maternal and Newborn Nursing Clinical,,,,,,
4876,2016.0,Spring,Spring2016,2015_2016,NS 0321,,,Professional Nursing Leadership,,,,,,
4761,2015.0,Fall,Fall2015,2015_2016,NS 0323,,,Pediatric Nursing,,,,,,
5207,2015.0,Fall,Fall2015,2015_2016,NS 0323C,,,Pediatric Nursing Clinical,,,,,,
4961,2015.0,Fall,Fall2015,2015_2016,NS 0325,,,Medical Surgical Nursing II,,,,,,
4791,2015.0,Fall,Fall2015,2015_2016,NS 0325C,,,Medical Surgical Nursing II Clinical,,,,,,
5122,2015.0,Fall,Fall2015,2015_2016,NS 0330,,,"Community, Public and Global Health Nursing",,,,,,
4773,2015.0,Fall,Fall2015,2015_2016,NS 0330C,,,"Community, Public and Global Health Nursing Clinical",,,,,,
4814,2016.0,Summer,Summer2016,2015_2016,NS 0332,,,Transition to Professional Nursing,,,,,,
678,2016.0,Summer,Summer2016,2015_2016,NS 0332C,,,Transiion to Professional Nursing Clinical,,,,,,
4824,2016.0,Spring,Spring2016,2015_2016,NS 0356,,,Transition Seminar for Professional Nursing Practice,,,,,,
5382,2016.0,Spring,Spring2016,2015_2016,NS 0360,,,Critical Care Nursing,,,,,,
7565,2015.0,Fall,Fall2015,2015_2016,NS 0521,,,Advanced Nursing Roles for Systems Leadership and Improvement,,,,,,
7498,2016.0,Spring,Spring2016,2015_2016,NS 0601,,,Epidemiology and Biostatistics,,,,,,
1865,2015.0,Fall,Fall2015,2015_2016,NS 0602,,,Healthcare Economics and Marketing,,,,,,
7566,2015.0,Fall,Fall2015,2015_2016,NS 0604,,,Advanced Health Assessment,,,,,,
4780,2016.0,Spring,Spring2016,2015_2016,NS 0605,,,Advanced Healthcare Policy,,,,,,
5190,2015.0,Fall,Fall2015,2015_2016,NS 0608,,,Research Methods for Evidenced-Based Practice,,,,,,
5337,2015.0,Fall,Fall2015,2015_2016,NS 0609,,,Role Reflective Practice for MSN-DNP Students,,,,,,
5220,2015.0,Fall,Fall2015,2015_2016,NS 0610,,,Advanced Nursing Roles and Reflective Practice,,,,,,
5149,2016.0,Summer,Summer2016,2015_2016,NS 0611,,,Clinical Prevention and Strategies for Change,,,,,,
5332,2016.0,Summer,Summer2016,2015_2016,NS 0612,,,Research Translation for Clinical Practice,,,,,,
5349,2015.0,Fall,Fall2015,2015_2016,NS 0613,,,Finance and Quality Management in Healthcare Organizations,,,,,,
5221,2015.0,Fall,Fall2015,2015_2016,NS 0614,,,Information Technology for Healthcare Improvement,,,,,,
5383,2016.0,Spring,Spring2016,2015_2016,NS 0615,,,Leadership and Interprofessional Collaboration,,,,,,
5371,2015.0,Fall,Fall2015,2015_2016,NS 0640,,,Advanced Physiology and Pathophysiology,,,,,,
7576,2016.0,Summer,Summer2016,2015_2016,NS 0641,,,Advanced Pharmacology,,,,,,
5369,2015.0,Fall,Fall2015,2015_2016,NS 0642,,,Adult Health I,,,,,,
5399,2016.0,Spring,Spring2016,2015_2016,NS 0643,,,Adult Health II,,,,,,
8587,2016.0,Summer,Summer2016,2015_2016,NS 0644,,,Practicum in Adult Health I,,,,,,
5392,2015.0,Fall,Fall2015,2015_2016,NS 0645,,,Care of Children and Families,,,,,,
5393,2015.0,Fall,Fall2015,2015_2016,NS 0646,,,"Practicum in Care of Women, Children, and Families",,,,,,
5381,2016.0,Spring,Spring2016,2015_2016,NS 0647,,,Care of At-Risk Populations,,,,,,
5400,2016.0,Spring,Spring2016,2015_2016,NS 0648,,,Practicum in Care of At-Risk Populations,,,,,,
5067,2015.0,Fall,Fall2015,2015_2016,NS 0650,,,Psychopathology,,,,,,
5075,2016.0,Spring,Spring2016,2015_2016,NS 0652,,,Mental Health Nursing of Individuals,,,,,,
5412,2015.0,Fall,Fall2015,2015_2016,NS 0661,,,Mental Health Nursing of Groups and Families Across the Lifespan,,,,,,
5077,2016.0,Spring,Spring2016,2015_2016,NS 0663,,,Primary Mental Health Nursing Across the Lifespan,,,,,,
8591,2016.0,Summer,Summer2016,2015_2016,NS 0665,,,Mental Health Nursing of Children and Adolescents,,,,,,
5084,2016.0,Summer,Summer2016,2015_2016,NS 0666A,,,Practicum I: PMHNP,,,,,,
5413,2015.0,Fall,Fall2015,2015_2016,NS 0666B,,,Practicum II: PMHNP,,,,,,
5076,2016.0,Spring,Spring2016,2015_2016,NS 0666C,,,Practicum III: PMHNP,,,,,,
7537,2016.0,Spring,Spring2016,2015_2016,NS 0667,,,Psychopharmacology,,,,,,
8592,2016.0,Summer,Summer2016,2015_2016,NS 0668,,,End-of-Life Nursing Education Consortium Core Curriculum,,,,,,
5370,2015.0,Fall,Fall2015,2015_2016,NS 0669,,,Advanced Pathophysiology for Anesthesia Practice,,,,,,
773,2016.0,Summer,Summer2016,2015_2016,NS 0670,,,Human Anatomy and Physiology for Nurse Anesthetists,,,,,,
5336,2015.0,Fall,Fall2015,2015_2016,NS 0699,,,DNP Seminar II,,,,,,
5313,2016.0,Spring,Spring2016,2015_2016,NSAN 0671,,,Pharmacologic Strategies in Anesthesia Practice,,,,,,
5318,2016.0,Summer,Summer2016,2015_2016,NSAN 0673,,,Chemistry and Physics for Nurse Anesthetists,,,,,,
5319,2016.0,Summer,Summer2016,2015_2016,NSAN 0675,,,Clinical Orientation/Specialty Rotations,,,,,,
8574,2016.0,Summer,Summer2016,2015_2016,NSAN 0678,,,Regional Anesthesia and Pain Management in Clinical Practice,,,,,,
5419,2015.0,Fall,Fall2015,2015_2016,NSAN 0681,,,Clinical Correlation Conference II,,,,,,
5424,2016.0,Spring,Spring2016,2015_2016,NSAN 0683,,,Clinical Correlation Conference III,,,,,,
5425,2016.0,Spring,Spring2016,2015_2016,NSAN 0686,,,Principles of Nurse Anesthesia Practice I,,,,,,
5431,2016.0,Summer,Summer2016,2015_2016,NSAN 0687,,,Principles of Nurse Anesthesia Practice II,,,,,,
5420,2015.0,Fall,Fall2015,2015_2016,NSAN 0688,,,Principles of Nurse Anesthesia Practice III,,,,,,
3640,2016.0,Spring,Spring2016,2015_2016,OM 0101,,,Operations Management,,,,,,
3677,2016.0,Spring,Spring2016,2015_2016,OM 0140,,,Project Management,,,,,,
118,2015.0,Fall,Fall2015,2015_2016,OM 0500,,,Introduction to Business Analytics,,,,,,
7612,2015.0,Fall,Fall2015,2015_2016,PG 0110,,,Elem Brazilian Portuguese I,,,,,,
7622,2016.0,Spring,Spring2016,2015_2016,PG 0111,,,Elem Brazilian Portuguese II,,,,,,
7613,2015.0,Fall,Fall2015,2015_2016,PG 0210,,,Interm Brazilian Portuguese I,,,,,,
7623,2016.0,Spring,Spring2016,2015_2016,PG 0211,,,Interm Brazilian Portuguese II,,,,,,
5473,2015.0,Fall,Fall2015,2015_2016,PH 0101,,,Introduction to Philosophy,,,,,,
5653,2015.0,Fall,Fall2015,2015_2016,PH 0200,,,Ancient Philosophy,,,,,,
5555,2015.0,Fall,Fall2015,2015_2016,PH 0202,,,Modern Philosophy,,,,,,
5603,2015.0,Fall,Fall2015,2015_2016,PH 0204,,,20th Century Philosophy,,,,,,
5502,2015.0,Fall,Fall2015,2015_2016,PH 0205,,,Ancient Medicine & Philosophy,,,,,,
5471,2015.0,Fall,Fall2015,2015_2016,PH 0209,,,Existentialism,,,,,,
5536,2015.0,Fall,Fall2015,2015_2016,PH 0212,,,Critical Theory,,,,,,
5497,2016.0,Spring,Spring2016,2015_2016,PH 0215,,,Philosophy of Science,,,,,,
5491,2015.0,Fall,Fall2015,2015_2016,PH 0217,,,Logic,,,,,,
5645,2016.0,Spring,Spring2016,2015_2016,PH 0220,,,Philosophy of Religion,,,,,,
5529,2016.0,Spring,Spring2016,2015_2016,PH 0221,,,The Question of Religion,,,,,,
5701,2015.0,Fall,Fall2015,2015_2016,PH 0240,,,Introduction to Asian Philosophies,,,,,,
456,2016.0,Spring,Spring2016,2015_2016,PH 0250,,,Ethical Theory,,,,,,
5688,2015.0,Fall,Fall2015,2015_2016,PH 0260,,,Social and Political Philosophy,,,,,,
7588,2016.0,Spring,Spring2016,2015_2016,PH 0272,,,Philosophy of Film,,,,,,
5571,2015.0,Fall,Fall2015,2015_2016,PH 0281,,,Philosophies of Love and Sex,,,,,,
5579,2016.0,Spring,Spring2016,2015_2016,PH 0282,,,Violence and the Sacred,,,,,,
5668,2016.0,Spring,Spring2016,2015_2016,PH 0304,,,Aquinas,,,,,,
5554,2015.0,Fall,Fall2015,2015_2016,PH 0311,,,Kant,,,,,,
5482,2016.0,Spring,Spring2016,2015_2016,PH 0317,,,Heidegger,,,,,,
5496,2016.0,Spring,Spring2016,2015_2016,PH 0323,,,Philosophy of Mind,,,,,,
5586,2015.0,Fall,Fall2015,2015_2016,PH 0350,,,Advanced Topics in Ethics,,,,,,
2739,2016.0,Spring,Spring2016,2015_2016,PJ 0101A,,,Special Topics: Black Lives Matter,,,,,,
5944,2016.0,Spring,Spring2016,2015_2016,PJ 0398,,,Capstone Research Seminar,,,,,,
5866,2015.0,Fall,Fall2015,2015_2016,PO 0011,,,Introduction to American Politics,,,,,,
3797,2016.0,Spring,Spring2016,2015_2016,PO 0012,,,Introduction to Comparative Politics,,,,,,
5915,2015.0,Fall,Fall2015,2015_2016,PO 0014,,,Introduction to Political Theory,,,,,,
5914,2015.0,Fall,Fall2015,2015_2016,PO 0115,,,Intro to Study of Peace & Just,,,,,,
5935,2015.0,Fall,Fall2015,2015_2016,PO 0116,,,Utopian Politics,,,,,,
5934,2015.0,Fall,Fall2015,2015_2016,PO 0119,,,"Sex, Sexuality and Gender",,,,,,
3777,2016.0,Summer,Summer2016,2015_2016,PO 0127,,,United Nations Security Council Crisis Simulation,,,,,,
3762,2015.0,Fall,Fall2015,2015_2016,PO 0129,,,Politics of Humanitarian Action,,,,,,
3761,2015.0,Fall,Fall2015,2015_2016,PO 0130,,,International Relations: Theories and Challenges,,,,,,
2892,2015.0,Fall,Fall2015,2015_2016,PO 0131,,,International Environmental Policy,,,,,,
2890,2015.0,Fall,Fall2015,2015_2016,PO 0132,,,Climate Change: Politics and Policy,,,,,,
3768,2016.0,Spring,Spring2016,2015_2016,PO 0138,,,Border Politics,,,,,,
5902,2016.0,Spring,Spring2016,2015_2016,PO 0140,,,Islam and Muslim Politics,,,,,,
5892,2015.0,Fall,Fall2015,2015_2016,PO 0144,,,Middle Eastern Politics,,,,,,
5941,2016.0,Spring,Spring2016,2015_2016,PO 0153,,,"The Politics of Race, Class, and Gender",,,,,,
5868,2015.0,Fall,Fall2015,2015_2016,PO 0162,,,United States Congress,,,,,,
5876,2016.0,Spring,Spring2016,2015_2016,PO 0165,,,"Political Parties, Interest Groups, and Public Opinion",,,,,,
2896,2016.0,Spring,Spring2016,2015_2016,PO 0166,,,American Public Policy,,,,,,
7609,2015.0,Fall,Fall2015,2015_2016,PO 0167,,,Media and Politics,,,,,,
5877,2016.0,Spring,Spring2016,2015_2016,PO 0170,,,The Battle Over Family Values in American Politics,,,,,,
5904,2016.0,Spring,Spring2016,2015_2016,PO 0190D,,,Special Topics: The Arab Uprising,,,,,,
5728,2015.0,Fall,Fall2015,2015_2016,PS 0015,,,General Physics I,,,,,,
1631,2015.0,Fall,Fall2015,2015_2016,PS 0015L,,,General Physics I Lab,,,,,,
5732,2016.0,Spring,Spring2016,2015_2016,PS 0016,,,General Physics II,,,,,,
1641,2016.0,Spring,Spring2016,2015_2016,PS 0016L,,,General Physics II Lab,,,,,,
5791,2015.0,Fall,Fall2015,2015_2016,PS 0071,,,Physics of Light and Color,,,,,,
5853,2015.0,Fall,Fall2015,2015_2016,PS 0078,,,The Nature of the Universe,,,,,,
5859,2016.0,Spring,Spring2016,2015_2016,PS 0087,,,Fundamentals of Astronomy,,,,,,
5825,2015.0,Fall,Fall2015,2015_2016,PS 0093,,,Energy and Environment,,,,,,
5835,2016.0,Spring,Spring2016,2015_2016,PS 0204L,,,Modern Experimental Methods Lab,,,,,,
5836,2016.0,Spring,Spring2016,2015_2016,PS 0206L,,,Modern Optics Lab,,,,,,
2342,2015.0,Fall,Fall2015,2015_2016,PS 0212,,,Circuit Analysis and Analog Systems,,,,,,
1628,2015.0,Fall,Fall2015,2015_2016,PS 0212L,,,Circuit Analysis and Analog Systems Lab,,,,,,
5747,2016.0,Spring,Spring2016,2015_2016,PS 0215,,,Computational Physics,,,,,,
5781,2016.0,Spring,Spring2016,2015_2016,PS 0222,,,Modern Optics,,,,,,
5738,2015.0,Fall,Fall2015,2015_2016,PS 0226,,,Classical Mechanics,,,,,,
5803,2016.0,Spring,Spring2016,2015_2016,PS 0260,,,Introduction to Biomedical Optics,,,,,,
5769,2015.0,Fall,Fall2015,2015_2016,PS 0271,,,Electricity & Magnetism I,,,,,,
5740,2015.0,Fall,Fall2015,2015_2016,PS 0285,,,Modern Physics,,,,,,
5792,2015.0,Fall,Fall2015,2015_2016,PS 0386,,,Quantum Mechanics,,,,,,
5741,2015.0,Fall,Fall2015,2015_2016,PS 0391,,,Theoretical/Experimental Capstone,,,,,,
7629,2015.0,Fall,Fall2015,2015_2016,PY 0098,,,Comprehensive Exam in Applied Psychology,,,,,,
6172,2016.0,Summer,Summer2016,2015_2016,PY 0099,,,Comprehensive Examination in School Psychology,,,,,,
5953,2015.0,Fall,Fall2015,2015_2016,PY 0101,,,General Psychology,,,,,,
5973,2015.0,Fall,Fall2015,2015_2016,PY 0111,,,Developmental Psychology for Non-Majors,,,,,,
6027,2015.0,Fall,Fall2015,2015_2016,PY 0122,,,Psychology and the Law,,,,,,
5964,2016.0,Spring,Spring2016,2015_2016,PY 0131,,,Abnormal Psychology for Non-Majors,,,,,,
6055,2015.0,Fall,Fall2015,2015_2016,PY 0201,,,Statistics for Life Sciences,,,,,,
6051,2015.0,Fall,Fall2015,2015_2016,PY 0201L,,,Statistics Lab,,,,,,
5955,2015.0,Fall,Fall2015,2015_2016,PY 0202,,,Research Methods in Psychology,,,,,,
6011,2015.0,Fall,Fall2015,2015_2016,PY 0211,,,Developmental Psychology for Majors,,,,,,
6114,2015.0,Fall,Fall2015,2015_2016,PY 0212,,,Developmental Psychology for Majors with Lab,,,,,,
5995,2015.0,Fall,Fall2015,2015_2016,PY 0221,,,Social Psychology,,,,,,
5952,2015.0,Fall,Fall2015,2015_2016,PY 0231,,,Abnormal Psychology for Majors,,,,,,
7649,2015.0,Fall,Fall2015,2015_2016,PY 0232,,,Theories of Personality,,,,,,
8233,2016.0,Spring,Spring2016,2015_2016,PY 0234,,,Theories in Psychotherapy,,,,,,
5954,2015.0,Fall,Fall2015,2015_2016,PY 0236,,,Human Neuropsychology,,,,,,
5967,2016.0,Spring,Spring2016,2015_2016,PY 0238,,,Tests and Measures,,,,,,
6083,2015.0,Fall,Fall2015,2015_2016,PY 0251,,,Cognitive Psychology,,,,,,
6068,2016.0,Spring,Spring2016,2015_2016,PY 0252,,,Lrng & Applied Behavior Anslys,,,,,,
6050,2015.0,Fall,Fall2015,2015_2016,PY 0261,,,Biological Bases of Behavior,,,,,,
7667,2015.0,Fall,Fall2015,2015_2016,PY 0262,,,Sensation and Perception,,,,,,
6132,2015.0,Fall,Fall2015,2015_2016,PY 0272,,,Hormones and Behavior,,,,,,
6004,2016.0,Spring,Spring2016,2015_2016,PY 0281A,,,"Special Topics: Stereotyping, Prejudice, Culture",,,,,,
6005,2016.0,Spring,Spring2016,2015_2016,PY 0295,,,Supervised Research,,,,,,
6028,2015.0,Fall,Fall2015,2015_2016,PY 0322,,,Senior Seminar: Health Psychology,,,,,,
6113,2015.0,Fall,Fall2015,2015_2016,PY 0331,,,Abnormal Child Psychology Senior Seminar,,,,,,
5966,2016.0,Spring,Spring2016,2015_2016,PY 0332,,,Special Issues in Women's Mental Health,,,,,,
6084,2015.0,Fall,Fall2015,2015_2016,PY 0351,,,Senior Seminar: False Memories,,,,,,
6144,2016.0,Spring,Spring2016,2015_2016,PY 0361,,,Current Issues in Behavioral Neuroscience Senior Seminar,,,,,,
6026,2015.0,Fall,Fall2015,2015_2016,PY 0391,,,Internship in Applied Psychology,,,,,,
6036,2016.0,Spring,Spring2016,2015_2016,PY 0392,,,Internship in Applied Psychology,,,,,,
6003,2016.0,Spring,Spring2016,2015_2016,PY 0395,,,Independent Research,,,,,,
2192,2015.0,Fall,Fall2015,2015_2016,PY 0406,,,Organizational Development,,,,,,
2191,2015.0,Fall,Fall2015,2015_2016,PY 0420,,,Introduction to Industrial and Organizational Psychology,,,,,,
6152,2015.0,Fall,Fall2015,2015_2016,PY 0430,,,Issues in Professional Practice in School Psychology,,,,,,
7628,2015.0,Fall,Fall2015,2015_2016,PY 0433,,,Behavioral Statistics,,,,,,
7630,2015.0,Fall,Fall2015,2015_2016,PY 0435,,,Psychology of Personality,,,,,,
6199,2016.0,Spring,Spring2016,2015_2016,PY 0436,,,Psychopathology and Classification I,,,,,,
6194,2015.0,Fall,Fall2015,2015_2016,PY 0437,,,Psychopathology and Classification II,,,,,,
6188,2016.0,Spring,Spring2016,2015_2016,PY 0438,,,Treatment Models for School-Age Youth,,,,,,
6181,2015.0,Fall,Fall2015,2015_2016,PY 0446,,,Developmental Psychology I: Theory and Application in Professional Practice,,,,,,
6212,2016.0,Summer,Summer2016,2015_2016,PY 0449,,,Introduction to Clinical Child Neuropsychology,,,,,,
2190,2015.0,Fall,Fall2015,2015_2016,PY 0471,,,Effective Interviewing,,,,,,
8474,2016.0,Summer,Summer2016,2015_2016,PY 0475,,,Program Evaluation,,,,,,
2202,2016.0,Spring,Spring2016,2015_2016,PY 0480,,,Consulting Theory and Practice,,,,,,
2205,2016.0,Spring,Spring2016,2015_2016,PY 0485,,,Performance Coaching,,,,,,
7644,2016.0,Summer,Summer2016,2015_2016,PY 0501,,,Fundamentals of Survey Design,,,,,,
2132,2015.0,Fall,Fall2015,2015_2016,PY 0534,,,Theories of Learning,,,,,,
6161,2016.0,Spring,Spring2016,2015_2016,PY 0535,,,Collaborative Consultation,,,,,,
6187,2016.0,Spring,Spring2016,2015_2016,PY 0537,,,Psychoeducational Assessment I: Behavioral Approaches,,,,,,
6206,2015.0,Fall,Fall2015,2015_2016,PY 0538,,,Psychoeducational Assessment II: Standardized Approaches,,,,,,
6182,2015.0,Fall,Fall2015,2015_2016,PY 0540,,,Psychoeducational Assessment III: Clinical Approaches,,,,,,
6209,2016.0,Spring,Spring2016,2015_2016,PY 0544,,,Psychoeducational Assessment IV: Integrated Assessment,,,,,,
2189,2015.0,Fall,Fall2015,2015_2016,PY 0545,,,Designing and Developing Training Programs,,,,,,
6183,2015.0,Fall,Fall2015,2015_2016,PY 0548,,,Psychotherapeutic Techniques for School-Age Youth,,,,,,
7639,2016.0,Spring,Spring2016,2015_2016,PY 0571,,,Research in Psychology,,,,,,
6163,2016.0,Spring,Spring2016,2015_2016,PY 0576,,,Practicum I: Assessment and Group Process,,,,,,
6173,2016.0,Summer,Summer2016,2015_2016,PY 0577,,,Practicum II:  Counseling and Group Process,,,,,,
2204,2016.0,Spring,Spring2016,2015_2016,PY 0578,,,Field Work in Applied Psychology,,,,,,
6151,2015.0,Fall,Fall2015,2015_2016,PY 0598,,,Internship in School Psychology I,,,,,,
6162,2016.0,Spring,Spring2016,2015_2016,PY 0599,,,Internship in School Psychology II,,,,,,
5436,2015.0,Fall,Fall2015,2015_2016,QA 0400,,,Applied Business Statistics,,,,,,
5437,2015.0,Fall,Fall2015,2015_2016,QA 0500,,,Business Forecasting and Predictive Analytics,,,,,,
7194,2015.0,Fall,Fall2015,2015_2016,RLD 0503,,,Research and Evaluation in K-12 Multidisciplinary Contexts,,,,,,
7669,2016.0,Spring,Spring2016,2015_2016,RLD 0504,,,Research and Evaluation in K-12 Multicultural Contexts: Advanced Practicum,,,,,,
7197,2016.0,Spring,Spring2016,2015_2016,RLD 0529,,,Fundamentals of Reading and Language Development Part II,,,,,,
6783,2016.0,Spring,Spring2016,2015_2016,RLD 0530,,,Language and Reading Acquisition for English Language Learners and Students with Special Needs,,,,,,
8593,2016.0,Summer,Summer2016,2015_2016,RLD 0535,,,"Handwriting, Spelling, and Writing Instruction in the Reading and Language Arts Program",,,,,,
7192,2015.0,Fall,Fall2015,2015_2016,RLD 0550,,,Reading Different Types of Texts and Academic Language - Content Area Literacy,,,,,,
7196,2016.0,Spring,Spring2016,2015_2016,RLD 0560,,,Administration and Interpretation of Assessments and Evaluation in Reading and Language Arts,,,,,,
7201,2016.0,Summer,Summer2016,2015_2016,RLD 0565,,,Differential Diagnosis of Reading Disability Subtypes,,,,,,
7668,2015.0,Fall,Fall2015,2015_2016,RLD 0591,,,Practicum in Remedial Reading and Language Arts,,,,,,
7202,2016.0,Summer,Summer2016,2015_2016,RLD 0592,,,Practicum in Structured Literacy Interventions,,,,,,
6222,2015.0,Fall,Fall2015,2015_2016,RS 0101A,,,Exploring Religion: Religion and the Critical Mind,,,,,,
7705,2016.0,Spring,Spring2016,2015_2016,RS 0101B,,,Exploring Religion: Asian Religions,,,,,,
3574,2015.0,Fall,Fall2015,2015_2016,RS 0101C,,,"Exploring Religion: Common Questions, Traditional Response",,,,,,
6273,2015.0,Fall,Fall2015,2015_2016,RS 0101D,,,Exploring Religion: Religion in a Comparative Key,,,,,,
6307,2015.0,Fall,Fall2015,2015_2016,RS 0101E,,,"Exploring Religion: Peoples of the Book, Sacred Texts, and Their Communities",,,,,,
7690,2015.0,Fall,Fall2015,2015_2016,RS 0205,,,Women in the Bible,,,,,,
6332,2015.0,Fall,Fall2015,2015_2016,RS 0209,,,Jewish Interpretations of Scriptures,,,,,,
6340,2015.0,Fall,Fall2015,2015_2016,RS 0210,,,Introduction to Judaism,,,,,,
6345,2016.0,Spring,Spring2016,2015_2016,RS 0213,,,Jews and Judaism in America,,,,,,
6346,2016.0,Spring,Spring2016,2015_2016,RS 0215,,,Women in Judaism,,,,,,
6314,2016.0,Summer,Summer2016,2015_2016,RS 0221,,,Good News of the Gospels,,,,,,
6308,2015.0,Fall,Fall2015,2015_2016,RS 0222,,,Writings of John,,,,,,
6276,2015.0,Fall,Fall2015,2015_2016,RS 0230,,,Introduction to Catholicism,,,,,,
6226,2016.0,Spring,Spring2016,2015_2016,RS 0236,,,Christian Feminist Theology,,,,,,
3576,2015.0,Fall,Fall2015,2015_2016,RS 0240,,,The Medieval Church,,,,,,
3580,2016.0,Spring,Spring2016,2015_2016,RS 0241,,,Encountering God in Medieval Christian Thought,,,,,,
6362,2015.0,Fall,Fall2015,2015_2016,RS 0244,,,Finding God in All Things: The Spiritual Legacy of Ignatius of Loyola,,,,,,
7695,2015.0,Fall,Fall2015,2015_2016,RS 0245,,,The Reformation Era,,,,,,
8244,2016.0,Spring,Spring2016,2015_2016,RS 0252,,,Contemporary Moral Problems,,,,,,
6366,2015.0,Fall,Fall2015,2015_2016,RS 0257,,,Christian Spirituality,,,,,,
6239,2015.0,Fall,Fall2015,2015_2016,RS 0263,,,New Religious Movements in America,,,,,,
7701,2015.0,Fall,Fall2015,2015_2016,RS 0270,,,Introduction to Islam,,,,,,
6260,2016.0,Spring,Spring2016,2015_2016,RS 0275,,,Islam in America,,,,,,
6261,2016.0,Spring,Spring2016,2015_2016,RS 0276,,,Islamic Theology,,,,,,
7702,2015.0,Fall,Fall2015,2015_2016,RS 0289,,,Tantrism,,,,,,
6252,2015.0,Fall,Fall2015,2015_2016,RS 0379,,,"Islam, Race, Power",,,,,,
6373,2015.0,Fall,Fall2015,2015_2016,RU 0110,,,Elementary Russian I,,,,,,
6380,2016.0,Spring,Spring2016,2015_2016,RU 0111,,,Elementary Russian II,,,,,,
6374,2015.0,Fall,Fall2015,2015_2016,RU 0210,,,Intermediate Russian I,,,,,,
6381,2016.0,Spring,Spring2016,2015_2016,RU 0211,,,Intermediate Russian II,,,,,,
6810,2015.0,Fall,Fall2015,2015_2016,SA 0011,,,Foundation Sculpture: Specific Objects,,,,,,
6823,2015.0,Fall,Fall2015,2015_2016,SA 0012,,,Foundation: Drawing,,,,,,
6839,2015.0,Fall,Fall2015,2015_2016,SA 0013,,,Foundation:Figure Drawing,,,,,,
6800,2015.0,Fall,Fall2015,2015_2016,SA 0100,,,Experiments in Drawing,,,,,,
8330,2016.0,Spring,Spring2016,2015_2016,SA 0101,,,Introduction to Digital Tools in Art Making,,,,,,
6799,2015.0,Fall,Fall2015,2015_2016,SA 0105,,,Color Workshop,,,,,,
6840,2015.0,Fall,Fall2015,2015_2016,SA 0130,,,Painting I,,,,,,
6824,2015.0,Fall,Fall2015,2015_2016,SA 0131,,,"Printmaking: Monoprints, Etching, and Photographic Techniques",,,,,,
6811,2015.0,Fall,Fall2015,2015_2016,SA 0132,,,Sculpture I: Constructing Space and Environments,,,,,,
6857,2015.0,Fall,Fall2015,2015_2016,SA 0133,,,Photography I: Alternative Processes,,,,,,
6860,2016.0,Spring,Spring2016,2015_2016,SA 0134,,,Digital Photography,,,,,,
6830,2016.0,Spring,Spring2016,2015_2016,SA 0136,,,Investigation of Text and Image,,,,,,
6850,2016.0,Spring,Spring2016,2015_2016,SA 0139,,,Watercolor,,,,,,
6818,2016.0,Spring,Spring2016,2015_2016,SA 0232,,,Sculpture II,,,,,,
6848,2016.0,Spring,Spring2016,2015_2016,SA 0300,,,Seminar: Junior Project,,,,,,
6849,2016.0,Spring,Spring2016,2015_2016,SA 0301,,,Seminar: Senior Portfolio Exhibition,,,,,,
2138,2016.0,Spring,Spring2016,2015_2016,SE 0099,,,Comprehensive Examination in Special Education,,,,,,
8594,2016.0,Summer,Summer2016,2015_2016,SE 0400,,,Augmentative Alternative Communications and Assistive Technologies,,,,,,
2130,2015.0,Fall,Fall2015,2015_2016,SE 0405,,,Exceptional Learners in the Mainstream,,,,,,
6767,2016.0,Spring,Spring2016,2015_2016,SE 0411,,,Introduction to Individuals with Intellectual Disabilities,,,,,,
2133,2015.0,Fall,Fall2015,2015_2016,SE 0413,,,Theories of and Introduction to Learning Disabilities,,,,,,
2139,2016.0,Spring,Spring2016,2015_2016,SE 0417,,,Introduction to Children and Youth with Social and Emotional Disturbances,,,,,,
6777,2015.0,Fall,Fall2015,2015_2016,SE 0419,,,Special Learners in the bilingual/ESL Classroom,,,,,,
6776,2015.0,Fall,Fall2015,2015_2016,SE 0429,,,Fundamentals of Reading and Language Development Part I,,,,,,
8266,2016.0,Spring,Spring2016,2015_2016,SE 0432,,,Management Techniques in Special Education,,,,,,
6789,2015.0,Fall,Fall2015,2015_2016,SE 0436,,,Administration of Educational Tests,,,,,,
2140,2016.0,Spring,Spring2016,2015_2016,SE 0441,,,Parents and Families of Individuals with Disabilities,,,,,,
6755,2015.0,Fall,Fall2015,2015_2016,SE 0500,,,Autism Spectrum Disorders: Theories and Interventions,,,,,,
7198,2016.0,Spring,Spring2016,2015_2016,SE 0529,,,Fundamentals of Reading and Language Development Part II,,,,,,
6757,2015.0,Fall,Fall2015,2015_2016,SE 0534,,,Sklll Development for Individualized Education Plans,,,,,,
6766,2016.0,Spring,Spring2016,2015_2016,SE 0537,,,Curriculum and Methods for Students with Mild to Moderate Disabilities,,,,,,
2147,2016.0,Summer,Summer2016,2015_2016,SE 0550,,,Collaboration and Consultation for the Special Educator,,,,,,
6791,2015.0,Fall,Fall2015,2015_2016,SE 0561,,,Diagnostic Procedures in Special Education of Youth with Disabilities,,,,,,
6784,2016.0,Spring,Spring2016,2015_2016,SE 0591,,,Practica in Special Education,,,,,,
7765,2015.0,Fall,Fall2015,2015_2016,SE 0592,,,Practica in Special Education,,,,,,
6758,2015.0,Fall,Fall2015,2015_2016,SE 0593,,,Student Teaching in Special Education,,,,,,
2141,2016.0,Spring,Spring2016,2015_2016,SE 0599,,,Seminar in Special Education,,,,,,
6873,2015.0,Fall,Fall2015,2015_2016,SL 0419,,,Special Learners in the Bilingual/ESL Classroom,,,,,,
7784,2016.0,Summer,Summer2016,2015_2016,SL 0421,,,Linguistics for Lang Teachers,,,,,,
8518,2016.0,Summer,Summer2016,2015_2016,SL 0422,,,Teaching Grammar in Second Language Settings,,,,,,
6885,2015.0,Fall,Fall2015,2015_2016,SL 0423,,,Principles of Bilingualism,,,,,,
6898,2015.0,Fall,Fall2015,2015_2016,SL 0436,,,TESOL Methods and Materials Development,,,,,,
2003,2016.0,Spring,Spring2016,2015_2016,SL 0441,,,Teaching and Learning within Multicultural Contexts of Education,,,,,,
6900,2016.0,Spring,Spring2016,2015_2016,SL 0451,,,Infusing Content Language Instruction into TESOL/Bilingual Programs,,,,,,
7779,2015.0,Fall,Fall2015,2015_2016,SL 0453,,,Differentiated Instruction for English Language Learners,,,,,,
8270,2016.0,Summer,Summer2016,2015_2016,SL 0461,,,Reading and Writing in a Second Language,,,,,,
6889,2016.0,Spring,Spring2016,2015_2016,SL 0467,,,Language Acquisition,,,,,,
7781,2016.0,Spring,Spring2016,2015_2016,SL 0475,,,Sociolinguistics,,,,,,
6893,2016.0,Summer,Summer2016,2015_2016,SL 0477,,,Culture and Second Language Acquisition,,,,,,
6902,2016.0,Summer,Summer2016,2015_2016,SL 0522,,,Emergent Literacy in Bilingual Early Childhood Education,,,,,,
7786,2015.0,Fall,Fall2015,2015_2016,SL 0527,,,Testing and Assessment in TESOL and Bilingual Programs,,,,,,
8515,2016.0,Spring,Spring2016,2015_2016,SL 0528,,,Second Language Curriculum Development,,,,,,
6878,2016.0,Spring,Spring2016,2015_2016,SL 0582,,,TESOL/Bilingual Student Teaching and DSAP I Seminar,,,,,,
6884,2015.0,Fall,Fall2015,2015_2016,SL 0590,,,CAS Advanced Practicum,,,,,,
3306,2015.0,Fall,Fall2015,2015_2016,SO 0011,,,Introduction to Sociology,,,,,,
7341,2015.0,Fall,Fall2015,2015_2016,SO 0112,,,American Society,,,,,,
3302,2015.0,Fall,Fall2015,2015_2016,SO 0161,,,American Class Structure,,,,,,
6393,2016.0,Spring,Spring2016,2015_2016,SO 0162,,,"Race, Gender, and Ethnic Relations",,,,,,
7721,2016.0,Spring,Spring2016,2015_2016,SO 0166,,,"Feminism, Gender, and Everyday Life",,,,,,
3304,2015.0,Fall,Fall2015,2015_2016,SO 0171,,,Criminology,,,,,,
3319,2016.0,Spring,Spring2016,2015_2016,SO 0175,,,Sociology of Law,,,,,,
3305,2015.0,Fall,Fall2015,2015_2016,SO 0179,,,Death Penalty in America,,,,,,
3813,2016.0,Spring,Spring2016,2015_2016,SO 0185,,,Introduction to International Migration,,,,,,
6414,2016.0,Spring,Spring2016,2015_2016,SO 0190,,,Globalization,,,,,,
6420,2015.0,Fall,Fall2015,2015_2016,SO 0192,,,Social Work: An Introduction,,,,,,
6422,2016.0,Spring,Spring2016,2015_2016,SO 0193,,,History of Social Welfare,,,,,,
6395,2016.0,Spring,Spring2016,2015_2016,SO 0194,,,Sociology of Education,,,,,,
7343,2015.0,Fall,Fall2015,2015_2016,SO 0221,,,Statistics: Social and Political Data Analysis,,,,,,
7349,2016.0,Spring,Spring2016,2015_2016,SO 0222,,,Methods of Research Design,,,,,,
6405,2015.0,Fall,Fall2015,2015_2016,SO 0228,,,Classical Social Theory,,,,,,
6406,2015.0,Fall,Fall2015,2015_2016,SO 0229,,,Contemporary Social Theory,,,,,,
3327,2016.0,Summer,Summer2016,2015_2016,SO 0279,,,Criminal Justice System Seminar,,,,,,
7350,2016.0,Spring,Spring2016,2015_2016,SO 0390A,,,Special Topics: New York Public Library - Digital Social Science & History,,,,,,
6643,2015.0,Fall,Fall2015,2015_2016,SP 0110,,,Elementary Spanish I,,,,,,
6580,2015.0,Fall,Fall2015,2015_2016,SP 0111,,,Elementary Spanish II,,,,,,
6574,2016.0,Spring,Spring2016,2015_2016,SP 0210,,,Intermediate Spanish I,,,,,,
6594,2016.0,Spring,Spring2016,2015_2016,SP 0211,,,Intermediate Spanish II,,,,,,
6707,2015.0,Fall,Fall2015,2015_2016,SP 0220,,,Topics in Language and Culture,,,,,,
6567,2015.0,Fall,Fall2015,2015_2016,SP 0231B,,,Career-Oriented Spanish for Business,,,,,,
7611,2015.0,Fall,Fall2015,2015_2016,SP 0231N,,,Career-Oriented Spanish for Nursing and Health Studies,,,,,,
6610,2015.0,Fall,Fall2015,2015_2016,SP 0245,,,Analysis and Interpretation of Hispanic Literature,,,,,,
6738,2015.0,Fall,Fall2015,2015_2016,SP 0251,,,Spanish Civilization & Culture,,,,,,
6716,2016.0,Spring,Spring2016,2015_2016,SP 0253,,,Spanish-American Civilization,,,,,,
6568,2015.0,Fall,Fall2015,2015_2016,SP 0285,,,Intro to Spanish Linguistics,,,,,,
6742,2016.0,Spring,Spring2016,2015_2016,SP 0357,,,The Spanish Novel,,,,,,
7621,2016.0,Spring,Spring2016,2015_2016,SP 0360,,,Dictatorships and Revolutionary Movements in Contemporary Latin America,,,,,,
6573,2016.0,Spring,Spring2016,2015_2016,SP 0381,,,Coordinating Seminar,,,,,,
6432,2015.0,Fall,Fall2015,2015_2016,SW 0201,,,Software Engineering Methods,,,,,,
6430,2015.0,Fall,Fall2015,2015_2016,SW 0202,,,Software Design Methods,,,,,,
6456,2015.0,Fall,Fall2015,2015_2016,SW 0204,,,Software Project Management,,,,,,
6450,2016.0,Spring,Spring2016,2015_2016,SW 0205,,,Software Testing and Maintenance,,,,,,
6435,2015.0,Fall,Fall2015,2015_2016,SW 0304,,,Web Development,,,,,,
6488,2015.0,Fall,Fall2015,2015_2016,SW 0305,,,Mobile Application Development,,,,,,
6512,2015.0,Fall,Fall2015,2015_2016,SW 0314,,,Network Concepts,,,,,,
6472,2015.0,Fall,Fall2015,2015_2016,SW 0355,,,Database Management Systems,,,,,,
6433,2015.0,Fall,Fall2015,2015_2016,SW 0400,,,Software Engineering Methods,,,,,,
6431,2015.0,Fall,Fall2015,2015_2016,SW 0401,,,Software Design Methods,,,,,,
6473,2015.0,Fall,Fall2015,2015_2016,SW 0402,,,Database Management Systems,,,,,,
6513,2015.0,Fall,Fall2015,2015_2016,SW 0404,,,Network Concepts,,,,,,
6434,2015.0,Fall,Fall2015,2015_2016,SW 0406,,,Web Client Side Development I,,,,,,
6455,2015.0,Fall,Fall2015,2015_2016,SW 0407,,,Java for Programmers,,,,,,
6521,2015.0,Fall,Fall2015,2015_2016,SW 0409,,,Advanced Programming in Java,,,,,,
6489,2015.0,Fall,Fall2015,2015_2016,SW 0416,,,Mobile Application Development,,,,,,
6451,2016.0,Spring,Spring2016,2015_2016,SW 0420,,,Software Testing and Maintenance,,,,,,
6457,2015.0,Fall,Fall2015,2015_2016,SW 0421,,,Software Project Management,,,,,,
6483,2016.0,Spring,Spring2016,2015_2016,SW 0427,,,Operating Systems and Programming,,,,,,
6505,2016.0,Spring,Spring2016,2015_2016,SW 0499,,,Algorithms,,,,,,
7725,2015.0,Fall,Fall2015,2015_2016,SW 0508,,,Data Warehouse Systems,,,,,,
6460,2016.0,Spring,Spring2016,2015_2016,SW 0512,,,Web Development II with ASP.net,,,,,,
6500,2015.0,Fall,Fall2015,2015_2016,SW 0516,,,PHP/MySQL,,,,,,
7731,2016.0,Spring,Spring2016,2015_2016,SW 0518,,,Data Mining and Business Intelligence,,,,,,
6538,2016.0,Spring,Spring2016,2015_2016,SW 0530,,,Introduction to Information Security,,,,,,
6498,2015.0,Fall,Fall2015,2015_2016,SW 0550,,,Capstone Professional Project I,,,,,,
6499,2015.0,Fall,Fall2015,2015_2016,SW 0551,,,Capstone Professional Project II,,,,,,
6515,2016.0,Spring,Spring2016,2015_2016,SW 0596,,,Network Routing and Switching,,,,,,
6536,2015.0,Fall,Fall2015,2015_2016,SW 0599,,,Information Security Measures and Countermeasures,,,,,,
6908,2015.0,Fall,Fall2015,2015_2016,TA 0011,,,Introduction to Theatre,,,,,,
359,2016.0,Spring,Spring2016,2015_2016,TA 0030,,,Acting I,,,,,,
7797,2016.0,Spring,Spring2016,2015_2016,TA 0094,,,Theatre Fairfield: Performance Practicum,,,,,,
6932,2016.0,Spring,Spring2016,2015_2016,TA 0095,,,Theatre Fairfield: Production Practicum,,,,,,
355,2015.0,Fall,Fall2015,2015_2016,TA 0110,,,World Theatre I,,,,,,
361,2016.0,Spring,Spring2016,2015_2016,TA 0120,,,American Drama,,,,,,
354,2015.0,Fall,Fall2015,2015_2016,TA 0123,,,American Women Playwrights,,,,,,
7800,2015.0,Fall,Fall2015,2015_2016,TA 0150,,,Stagecraft,,,,,,
6930,2016.0,Spring,Spring2016,2015_2016,TA 0155,,,Design I,,,,,,
6926,2015.0,Fall,Fall2015,2015_2016,TA 0158,,,Scene Painting,,,,,,
6915,2015.0,Fall,Fall2015,2015_2016,TA 0230,,,Acting II,,,,,,
6911,2016.0,Spring,Spring2016,2015_2016,TA 0253,,,Costume Design,,,,,,
6927,2015.0,Fall,Fall2015,2015_2016,TA 0310,,,Techniques and Theory of Production,,,,,,
6905,2015.0,Fall,Fall2015,2015_2016,TX 0502,,,Taxation Property Transactions,,,,,,
212,2015.0,Fall,Fall2015,2015_2016,TX 0510,,,Entity Taxation,,,,,,
7789,2015.0,Fall,Fall2015,2015_2016,TX 0530,,,Partnership Taxation,,,,,,
8296,2016.0,Winter,Winter2016,2015_2016,TX 0540,,,State and Local Taxation,,,,,,
229,2016.0,Spring,Spring2016,2015_2016,TX 0542,,,International Taxation,,,,,,
7792,2016.0,Spring,Spring2016,2015_2016,TX 0550,,,Tax Planning,,,,,,
2599,2016.0,Spring,Spring2016,2015_2016,WS 0301,,,"Women, Gender, and Sexuality Studies Capstone Seminar",,,,,,
